cpf,nome,data_nascimento,email,telefone
56927381473,Cauã da Mota,1970-10-31,joao-pedroda-rosa@freitas.org,+55 41 3435 2408
24078915388,André Gomes,1981-04-20,lmendes@gmail.com,+55 61 7116-7190
29401638713,Isis Porto,1979-06-27,klima@bol.com.br,+55 (081) 9133 4123
28170349613,Arthur Dias,1968-12-18,rcardoso@hotmail.com,+55 71 9361-8324
21089456794,Olivia Jesus,1996-12-22,clara87@uol.com.br,+55 21 9065 9401
30478192622,Diego Pinto,1992-07-22,ribeirosamuel@uol.com.br,(071) 5125 6746
80792546130,Agatha Viana,1980-10-18,da-motaelisa@yahoo.com.br,0900-770-3482
47806912576,Marcos Vinicius Alves,1986-12-10,das-nevesenzo@uol.com.br,+55 71 2748 4677
37291450616,Heloísa Santos,1967-07-17,mirella49@da.br,61 7558-8675
39618025721,Sra. Joana da Costa,1983-01-25,claramelo@pires.br,+55 (021) 2621 7459
61597438219,Alícia Campos,1965-05-03,rafaelacarvalho@uol.com.br,+55 41 1724 0050
45831762017,Davi Cardoso,1990-11-02,ceciliada-conceicao@hotmail.com,(061) 4740-7482
17542389637,João Pedro Rocha,1956-08-13,kmoraes@goncalves.com,61 4090 9743
95381427050,Ana Luiza Barbosa,1970-05-20,moreiranicole@hotmail.com,+55 31 4562 3285
89461235755,Lucas Gabriel Cardoso,1958-12-09,fmoreira@alves.org,61 1754-9651
37046215871,Letícia Jesus,1993-07-16,cunhabryan@gmail.com,(031) 7113 8267
58649132006,Mariana Oliveira,1968-05-24,leandro77@moreira.br,71 5064-3171
30862145708,Vitor Hugo Vieira,1963-06-16,rafaelda-conceicao@freitas.com,71 4210-2053
95012768302,Ana Sophia Campos,1981-10-08,eduarda91@uol.com.br,21 3908-4700
76850349210,Sr. Bernardo Costela,1968-01-28,ssouza@uol.com.br,21 9611-8367
36589742065,Dr. Ian Fernandes,1974-10-31,fcampos@carvalho.com,31 2809 8851
65978023140,Sr. Murilo Santos,1963-11-02,gdas-neves@moura.com,+55 84 9368-9980
94012586785,Danilo Nunes,1954-02-04,carvalhorafaela@nascimento.br,+55 (031) 5459-9102
20193546752,Emanuelly da Rosa,2000-09-25,ana-julia14@souza.org,+55 (061) 3690 0343
24890536124,Cauê Nascimento,1985-08-08,danilo60@aragao.br,+55 11 5969 6641
60514328924,Felipe Pinto,1989-06-07,novaespedro-henrique@ig.com.br,(081) 3521 8188
35876140244,Eduardo da Luz,1990-05-09,da-luzsophia@rezende.br,0300 955 2717
74890251685,Alícia Caldeira,1974-06-15,carvalholaura@bol.com.br,21 6798-0793
57203689492,Melissa da Luz,1952-01-09,hpires@moreira.br,81 5905 1518
64859713001,Mirella da Conceição,1973-03-01,mcostela@ig.com.br,+55 21 4865 2816
85026143989,Enzo Gabriel Cunha,1959-11-27,valentina18@mendes.com,0300-622-2927
06578132490,Sra. Daniela Teixeira,1965-08-20,xda-mota@ig.com.br,0500 774 6886
23967081478,Dra. Ana Vitória Gomes,1955-01-25,ana-sophia82@carvalho.net,(041) 5060-6853
61580274994,Daniel Azevedo,1968-11-18,sabrinaribeiro@uol.com.br,0800-010-4328
98602157312,Kaique Ramos,1953-08-20,bteixeira@da.com,0800-539-6218
51036798259,Srta. Isabella Campos,1972-10-28,melogabriel@moraes.br,+55 (051) 7722-1704
30982574150,Arthur da Mota,1968-10-30,melomarcelo@gmail.com,31 6676 5277
58460391701,Evelyn Martins,1956-05-05,maria-alice44@pereira.com,(031) 5705-9640
16547903893,Cauê Campos,1965-06-02,vitor90@bol.com.br,+55 (021) 7557-1928
56972103886,Manuela Nogueira,1987-08-01,sophie47@gomes.com,+55 84 1727 1551
89421563042,Eduardo Cunha,1965-06-21,moreiragabrielly@bol.com.br,31 7829 1146
78693405101,Ana Julia Porto,1981-01-22,stellavieira@ig.com.br,0900 226 8018
24917653819,Fernando da Paz,1992-07-29,leticiajesus@bol.com.br,61 1829-9229
95067842130,Cecília Peixoto,1991-06-04,sviana@rocha.net,71 4710 2767
73541268964,Ana Moura,1984-05-27,lucca71@porto.net,+55 (011) 1046-9632
59361748246,Alexia Carvalho,1976-02-14,leandromoraes@gmail.com,+55 (071) 4797 4801
62458390170,Miguel da Mota,1974-01-11,nogueiraclarice@uol.com.br,81 4991-2165
58961732021,Arthur Cunha,1997-12-02,dsilveira@hotmail.com,0500-825-9526
94586732164,Alexia Moura,1971-11-26,ylima@ribeiro.net,+55 (071) 9728 9623
01397256877,Srta. Júlia Santos,2002-02-05,cunhaelisa@hotmail.com,84 5786-5278
58976230400,Matheus Jesus,1964-08-30,mariane37@yahoo.com.br,(081) 5844-1986
65270981467,Eloah Rocha,1963-12-03,helena42@duarte.com,51 3301 6571
20935647856,Igor Gomes,1993-04-24,diasemilly@da.com,+55 (051) 6724 0049
91523470879,Diogo Correia,1971-11-12,tfernandes@alves.net,+55 (051) 9668-5161
29781065494,Sophia Fogaça,1971-10-16,ferreiramanuela@yahoo.com.br,+55 41 0174-2684
14589763001,Sofia Moura,1977-08-28,sarahfarias@ig.com.br,0300-187-8519
10346957206,Rodrigo da Rocha,1998-02-23,silvaana-livia@gmail.com,(051) 2867-9087
40628153970,Sr. Marcelo Caldeira,1954-01-21,gomesalice@hotmail.com,+55 84 6567 6618
25174369080,Vitor Gabriel Aragão,1969-08-30,yteixeira@hotmail.com,+55 51 7524 3106
90318546701,Vicente Barbosa,1976-09-25,evelynda-rosa@gmail.com,+55 84 8439 5995
34258196746,Matheus da Luz,1991-12-17,wbarros@ig.com.br,41 8566 2462
87361259030,Júlia Peixoto,1987-04-14,qfarias@melo.br,+55 31 8304 6990
13879240604,Vicente Costa,2000-03-08,mariada-rocha@uol.com.br,+55 41 8546-7854
45730628153,Dr. Augusto das Neves,1999-10-20,ferreiragabrielly@goncalves.com,+55 (081) 5369-3785
47831250662,Marcelo Caldeira,1985-01-05,barrossarah@oliveira.net,+55 (084) 2038 7509
97806435247,Rebeca Freitas,1985-10-25,santosmaria@ig.com.br,(021) 2118-2339
84523061726,Elisa das Neves,1969-10-09,carvalhoalexia@nascimento.br,+55 (081) 0217 6591
80315476966,Rodrigo Freitas,1986-04-25,pedro-lucasaragao@da.org,+55 (031) 9396-8562
18506397448,Stella Novaes,2001-12-31,fogacastephany@uol.com.br,(084) 3586-6296
14350628924,Dra. Brenda Nogueira,1970-11-29,carvalhoandre@yahoo.com.br,(031) 5412-1267
89607523474,Maria Vitória Martins,1975-07-30,alicia61@silveira.br,+55 (041) 2444-7212
64923071869,Dra. Luna da Paz,1980-07-08,otavioalmeida@melo.br,(071) 7569 2459
37519248682,Valentina Farias,1971-07-15,valentina65@gmail.com,0300 398 2807
37465092116,Pedro Miguel Jesus,1965-10-30,melissapereira@uol.com.br,+55 11 7979 6886
80574693238,Natália Moraes,1960-09-05,ymelo@cavalcanti.com,+55 41 4388 8993
75638419039,Ana Lívia Gonçalves,1977-09-01,da-conceicaosamuel@mendes.br,+55 (084) 8757-1775
14065789320,Yasmin da Cunha,1999-10-01,gabriellyda-cruz@pereira.br,+55 31 6226-6093
76805143993,Ana Lívia Teixeira,1962-01-30,joao-vitor71@yahoo.com.br,(084) 8596-9691
59741206399,Sr. Erick Lima,1957-04-26,maria-vitoria28@peixoto.com,0500 662 7828
27416938031,Sr. Luigi Cunha,1962-08-21,roliveira@uol.com.br,84 7721 9034
04382175607,Maitê Correia,1988-05-01,sophie85@pires.net,(011) 1340-7451
71385429682,Paulo Cunha,2002-10-08,cauamonteiro@teixeira.com,(061) 4494 8126
04251687353,Vitor Hugo Novaes,1982-09-01,leticia66@cardoso.com,71 8457 7590
17560438920,Luiz Felipe Fogaça,1971-05-01,gabriela92@bol.com.br,(084) 5001-7012
79031528404,Pietro Moreira,1966-05-26,maria-cecilia20@lima.net,(011) 1103-7129
38706251986,Ana Julia Dias,1975-06-06,cavalcantipedro-lucas@jesus.com,41 2218 9092
75386192400,Bryan Castro,1958-11-21,bmonteiro@cunha.net,+55 84 1389-9940
43857206144,Ana Sophia Duarte,1983-05-11,moreirapedro-miguel@nogueira.com,(071) 1091-0430
06458731280,Pedro Miguel Teixeira,1985-12-12,davi-luiz41@da.br,0900 146 3031
61749023580,André Cunha,1997-02-04,ceciliamonteiro@da.br,+55 81 4105 6481
41739208650,Sr. Fernando Cavalcanti,1988-05-31,oliviasilva@barbosa.net,+55 (061) 7562 2086
35978240132,Luiz Fernando Barros,1961-07-25,nunesdaniel@gomes.org,(061) 1870 5349
43729816004,Alexandre Oliveira,1950-12-27,luana05@nascimento.org,+55 51 3836 7024
10364729813,Ana Luiza Santos,1958-06-12,caldeiraana-julia@ig.com.br,+55 81 3445 6557
43176908296,Levi Rezende,1970-09-24,teixeiratheo@hotmail.com,(041) 4741-1249
03519624761,Fernanda Ferreira,2005-03-02,nunesana-sophia@castro.com,+55 71 0032 3651
94106735261,Sr. Augusto Rezende,1952-10-21,fnovaes@nascimento.br,+55 (051) 5324-4720
93486750283,João Pedro Cunha,1977-11-21,lorenaviana@nascimento.br,(081) 8759-8564
20541896776,Isabella Dias,1960-03-22,marceladuarte@teixeira.com,+55 21 9652-2395
50946173206,Luigi Azevedo,1955-07-03,kamillydas-neves@souza.com,(071) 9325 2500
29164807576,Ana Luiza Mendes,1969-11-23,ianpinto@ig.com.br,(084) 5289-5392
64819032704,Otávio Lopes,2004-05-26,salesgustavo-henrique@cardoso.net,(084) 5215 7043
31520748671,Sra. Bárbara Oliveira,1982-11-30,fernanda61@uol.com.br,0500 327 1040
54102736999,Ana Laura Mendes,1989-10-13,pintomanuela@hotmail.com,0500-620-1533
68452910711,Maria Julia Vieira,2006-07-06,calebemoreira@gmail.com,(011) 1497-3103
24130967878,Emanuella Carvalho,1993-01-14,vicentenascimento@yahoo.com.br,+55 (061) 7047-7434
90265847176,Júlia Dias,1987-01-12,asilveira@duarte.br,(031) 1608 9899
21786540967,Ana Júlia Pinto,1963-02-06,pedro-miguel11@novaes.br,+55 84 8709-9861
62849503738,Luiz Otávio Monteiro,1977-04-27,krodrigues@bol.com.br,(071) 0246-2996
06571938286,Joaquim Jesus,1970-07-09,ocastro@hotmail.com,(031) 7546 9137
36784205910,Henrique Santos,1976-10-23,da-luzjoao-pedro@caldeira.br,+55 (071) 5345 7861
03584617235,Sr. Francisco Carvalho,1968-10-04,kbarros@das.net,+55 81 6800-7229
03472581662,Eloah da Rosa,1981-02-12,acavalcanti@bol.com.br,31 8994 4171
54962780310,Sophie Duarte,1953-03-23,maria-julia20@ig.com.br,11 4466-6099
35984726173,Rafael da Mata,1969-05-09,vcostela@da.br,+55 31 3534 6554
94760352856,Caroline Santos,1957-07-07,alicia02@hotmail.com,+55 (081) 5697-2521
75298041620,Vitor Hugo da Cunha,1988-07-29,icarvalho@pereira.br,(011) 7600-8350
58309614748,Cauê Cavalcanti,1975-06-18,cauebarbosa@yahoo.com.br,(021) 7898 5625
75319064225,Thomas Aragão,1989-06-27,moreiramaysa@nascimento.org,61 9090-1001
67904235838,Ryan Alves,1969-11-07,silveiramarcelo@bol.com.br,0500-261-8914
19784623013,Dr. Gustavo da Cruz,1952-01-16,maria-sophiarocha@yahoo.com.br,+55 41 0011-9721
81925734609,Ana Beatriz Castro,2004-09-11,goncalvesthiago@pereira.com,+55 41 0022 5579
41562809776,Emanuelly Nogueira,1996-04-22,hda-cunha@hotmail.com,+55 (081) 2169 7972
96540138784,Laura Barbosa,1953-09-02,antonio89@ig.com.br,0300 358 8916
37586912068,Pedro da Cruz,1983-10-06,eda-cunha@uol.com.br,(061) 3540 8386
63189450757,Gabrielly Costa,1983-03-17,nunesalicia@vieira.com,0500-948-8375
50367294125,Sra. Ana Sophia Castro,2001-01-11,mendesthales@vieira.br,+55 51 0272 6149
39168750439,Vitor Gabriel Peixoto,1952-07-10,qramos@sales.com,81 6978-2922
16543798246,Dr. Levi Cunha,1958-10-06,mariana85@ig.com.br,81 3339-4522
89570234105,Sofia Teixeira,1968-10-25,silveiraenrico@gmail.com,41 2003 4244
20417896549,Nicole das Neves,1999-11-18,danielagomes@ig.com.br,+55 (071) 6665 8004
37956214025,Levi da Luz,1995-10-25,joao-felipesilva@nascimento.br,+55 84 8422-9405
72018495658,Vitória Vieira,1973-09-23,emanuella32@santos.br,71 8615-3355
54368972074,Raul Monteiro,1979-09-09,brunomartins@correia.br,+55 61 8408-5887
70451283988,Maria Alice Almeida,1992-01-09,maria-clarada-rosa@cavalcanti.net,61 6120-7501
10267485344,Juan Nogueira,1980-01-22,blopes@uol.com.br,+55 71 8091 9015
81465209794,Julia Araújo,1981-08-13,gabrielnovaes@da.org,31 0882 1009
96127853095,Diego das Neves,1991-05-04,enzoda-mata@ig.com.br,0300 087 8141
41359728023,Milena Duarte,1956-03-02,da-motapedro-miguel@uol.com.br,(041) 5949-2995
56207149343,João Guilherme Cunha,1995-08-10,crezende@yahoo.com.br,(041) 7812 9142
83456079265,Maria Luiza Nunes,2001-09-14,vieiraluiz-henrique@da.br,61 3942 7881
65081492701,Bruna da Luz,1987-11-25,cmoraes@rodrigues.org,31 3038 5677
09587423160,Maria Cecília da Luz,1974-12-28,joana18@yahoo.com.br,41 3865 5779
08231597441,Davi Lucas da Mata,1960-01-26,diasamanda@yahoo.com.br,+55 61 7773 9260
30246157844,Bianca Caldeira,1960-09-05,elisanunes@bol.com.br,0300 041 3797
72369418087,Mirella Silva,1967-05-12,ana-vitoria99@dias.br,+55 81 1038 8629
12746053934,Ana Viana,2005-09-03,asilveira@barbosa.br,+55 31 7659-9162
47360281571,Thales Almeida,1988-09-09,nascimentomanuela@lopes.com,+55 (021) 6944-8695
94671380501,Maria Eduarda Rocha,1966-08-18,sophie62@ig.com.br,+55 71 3721 3865
80235946133,Larissa Carvalho,1953-09-20,vicentecardoso@bol.com.br,+55 (051) 6698 4902
79015428379,Maitê Silveira,1996-11-21,maria-eduardaazevedo@duarte.com,+55 (031) 1465-6693
80194257304,Otávio da Mota,1980-04-22,ferreirajoao-felipe@uol.com.br,21 1818-4518
48953670101,Nina Ramos,1989-04-17,qcorreia@nascimento.net,+55 31 5658-8043
41657209334,Gabrielly Moraes,1964-03-26,rafaelada-mota@uol.com.br,+55 (081) 3343-3339
52106398433,Isadora Lopes,1982-11-12,wda-mata@bol.com.br,+55 84 6392-0867
80537169466,Sr. André da Rocha,1975-03-07,thiago94@vieira.org,(071) 9552-7636
59623147007,Thiago Fogaça,2004-01-29,mnascimento@da.com,84 7288 5744
80695173448,Marina Castro,1979-12-22,thiago58@bol.com.br,+55 61 5061-5939
98267543155,Sra. Ana Júlia Nascimento,1991-02-13,kda-conceicao@ig.com.br,(081) 6996 1125
35872691491,Dr. Juan da Cunha,1961-11-15,nataliaduarte@cardoso.net,+55 (041) 6111-7800
68102479396,Enzo Farias,1999-07-21,icostela@bol.com.br,+55 (041) 0055-7784
87254139619,Maysa Teixeira,1970-06-07,oviana@gmail.com,(031) 4564-2400
82593406151,Fernanda Alves,2001-06-23,juliana30@bol.com.br,31 3686 6326
63408127590,Caroline Campos,1961-10-09,enzo-gabriel79@fogaca.br,+55 (071) 5020-8021
49253018704,Luiz Felipe da Rosa,1972-08-17,valentina75@uol.com.br,+55 (051) 5120 4618
72368904565,Stella Pires,1966-03-07,anacastro@ribeiro.org,(061) 2088 1474
35068179493,Sr. Davi Luiz Freitas,1989-02-23,afarias@ribeiro.com,31 1327 1950
05284913698,Dr. Leonardo da Mota,1950-10-24,mirella24@gmail.com,(084) 7848-7392
85973210405,Evelyn Ferreira,1986-03-20,xalmeida@ig.com.br,21 6209-5935
18694372509,Dr. Pedro Martins,1956-11-16,barbosafrancisco@azevedo.br,+55 (071) 1096-7899
40519873610,Lucas Gabriel Caldeira,1973-12-02,yasmin09@yahoo.com.br,51 0141 3811
38617452080,Sofia Peixoto,2000-02-18,maria-eduarda76@da.br,21 5289-7558
59678324083,Maria Cecília da Rosa,1974-11-19,ana-sophia76@gmail.com,+55 (051) 4908 2404
39507216499,Isabella da Costa,1958-10-12,isis33@yahoo.com.br,(031) 1969 3157
27145906830,Yago Caldeira,2001-10-26,ana-julia61@hotmail.com,0500-060-4805
82547160307,Sophia Santos,1955-06-29,ygoncalves@da.com,(081) 1790 8641
68975143066,Julia da Paz,1987-07-19,danilofogaca@martins.com,+55 61 6655 3559
04278315988,Eduardo Moura,1959-12-23,barrosluigi@gomes.com,(041) 7705 3833
89473612087,Maria Luiza Souza,1952-04-26,cauagomes@hotmail.com,0900-407-0164
51029384797,Dr. Noah Teixeira,1955-05-08,clararamos@barbosa.org,(071) 7620 5554
38460295133,Davi Lucas Mendes,1976-02-04,nascimentoeloah@peixoto.com,(011) 4957-8232
98361257012,Maria Fernanda da Cruz,1970-12-19,da-matapedro-miguel@araujo.br,(031) 7423 1220
94381506766,Sra. Beatriz Santos,2006-12-09,joao-lucas67@uol.com.br,+55 84 2330 6046
39801742550,Elisa Pereira,1976-11-29,zlopes@silveira.br,(051) 0388-6086
80327561408,Kevin Gonçalves,1991-01-31,beatrizporto@santos.com,0800 826 6570
27380946510,Dra. Ana Vitória Carvalho,1957-02-16,davi-luiz86@ig.com.br,31 9268-6025
92861504749,Thomas Porto,1969-01-04,costelajoao@fernandes.br,11 7809-7339
79630458101,Marina da Rocha,1952-09-08,carlos-eduardomonteiro@da.org,(071) 1016 2249
98235470683,Igor Moura,1975-02-23,evieira@ribeiro.com,+55 71 4586 8339
01835427626,Luiz Miguel Moraes,1958-03-10,zsales@hotmail.com,0800-343-0107
13680247508,Pedro Miguel da Paz,1996-04-25,vitoria14@yahoo.com.br,21 8501-5569
90217536859,Beatriz Rocha,1959-12-08,beatriz60@bol.com.br,(031) 9588 0395
51270634925,Maria Nogueira,1962-02-10,mariane50@oliveira.com,11 3574-3842
15069732480,Lívia da Costa,1962-04-21,tsouza@yahoo.com.br,+55 (011) 1823-0768
10485769220,Calebe Silveira,2001-07-01,limaluiza@hotmail.com,(061) 3344 8571
42870593104,Gabrielly Fogaça,1958-12-29,joaquimcardoso@yahoo.com.br,0800-587-0207
01697345875,Isabella Lima,1971-12-23,rezendeisabel@carvalho.br,(041) 7733 2945
62598340710,Ana Sophia Monteiro,1981-12-06,miguelmonteiro@bol.com.br,0500 281 6158
14738692003,Bruna Rocha,1975-06-24,kaique96@mendes.net,+55 (051) 1971-9975
81792305460,Maria Vitória Nascimento,1971-08-22,carvalholeandro@hotmail.com,0800 022 7846
97315248609,Raquel Monteiro,1955-06-09,scostela@moura.com,+55 (011) 8514 0369
65937812077,Beatriz da Mota,1987-02-27,amanda24@ig.com.br,+55 81 2010 2762
12673458026,Maitê Pereira,1986-12-05,omoraes@hotmail.com,(011) 9097-3846
85074326117,Srta. Bianca Souza,2000-06-08,fsilveira@bol.com.br,0800-137-1894
90548362106,Sabrina Melo,1978-01-04,nathan20@ig.com.br,0300-494-0792
90465781276,Cauê Santos,1954-08-04,francisco94@yahoo.com.br,+55 61 0192-9275
24371805671,Noah da Costa,2006-05-12,pnogueira@ig.com.br,(031) 2395-0410
27639814537,Emanuella da Conceição,1985-06-16,gomesana-livia@uol.com.br,(051) 8018 5694
54860231970,Dra. Maria Sophia da Mota,1984-09-28,pedro-lucasvieira@gmail.com,+55 (021) 1061 8175
34810579204,Maysa Costa,1997-07-18,costelavitor-gabriel@correia.org,(061) 1746-5421
40632851970,Ana Clara Rodrigues,1963-01-06,liviarodrigues@gmail.com,+55 (011) 8639-1741
01845239741,Pietro Almeida,1951-12-08,heitor56@bol.com.br,+55 (011) 8776 6183
06794521334,Ana Carolina Carvalho,1974-03-22,ramossabrina@yahoo.com.br,+55 (081) 2806-3461
57193840223,Thiago Duarte,1982-08-26,vianaluna@yahoo.com.br,11 8700-5050
61395472025,Dra. Daniela Cardoso,1951-11-14,earagao@farias.com,+55 (021) 2041 7929
19834570279,Heloísa Nunes,1971-06-04,pedroda-rosa@da.com,+55 71 4262 5827
30285496700,Ana Júlia Almeida,1949-11-07,gomesamanda@costela.net,+55 (011) 4876-3290
92740861567,Eduarda da Mota,1957-05-10,sabrina88@rezende.com,+55 (071) 1277-2200
54372960883,Srta. Maria Alice da Luz,1960-02-12,hsilva@duarte.br,0900 956 3531
53179864001,Lucas Rodrigues,1953-01-21,leandroramos@hotmail.com,51 5273 5435
20891735640,Vitor Hugo Mendes,1964-04-27,vitoriada-cunha@bol.com.br,81 3168-7397
74053186226,Clarice da Costa,1988-05-26,cbarbosa@santos.com,(011) 8671-7731
80617249369,Lucca Lima,1960-05-15,ramosbeatriz@hotmail.com,71 2570 1658
04672815994,Helena Caldeira,1984-05-21,correiavitor@yahoo.com.br,(061) 9055-2818
32514098750,Srta. Giovanna Moraes,1967-07-22,calebe15@yahoo.com.br,(041) 7881-7884
75193046800,Breno Cavalcanti,1960-07-28,da-conceicaocecilia@hotmail.com,+55 (084) 8046-8275
67021843526,Maria Luiza Mendes,1993-12-26,jsouza@uol.com.br,(051) 4924-2437
54012937804,Dra. Esther da Mata,1961-04-17,lucascorreia@lopes.com,(031) 4523-8055
25741690343,Luna da Conceição,1980-07-12,andreviana@bol.com.br,(071) 4749 2975
17095486301,Mariane das Neves,1979-09-16,martinscarlos-eduardo@bol.com.br,+55 (071) 9834-3018
71683204913,Bianca Pereira,1974-07-07,antonio45@yahoo.com.br,(041) 7813 7674
26814503905,Lucas Souza,1972-03-08,acarvalho@fogaca.br,+55 (051) 8792-3264
87062451371,Antônio Almeida,1959-11-04,luiza71@ig.com.br,(011) 6273 0147
15743286035,Sr. Francisco da Cruz,1988-12-10,pedro-miguelrezende@moraes.org,21 6504 4818
32147685909,Rodrigo Moreira,1955-11-18,antoniocunha@bol.com.br,(011) 5765 2132
83964501298,Carlos Eduardo Costela,1950-07-17,pedro-henrique52@uol.com.br,0300-852-4013
29381540705,Srta. Ana Julia Aragão,2002-01-29,mbarbosa@gmail.com,+55 (051) 8907 1401
40168972549,Raul Monteiro,1951-05-09,rafaelafreitas@moraes.com,21 9389-1190
83921406722,Luiz Fernando Ribeiro,1974-04-19,lcavalcanti@nascimento.br,+55 11 8361-5171
82769503103,Ana Sophia Nogueira,1968-08-29,maria-luiza73@bol.com.br,81 4631 7520
71634059875,Olivia Cavalcanti,1999-10-25,moreirajoao-vitor@da.br,+55 71 3674 9946
57634218090,Fernando Rodrigues,1983-03-14,beniciocastro@campos.com,+55 (051) 6952-4991
18763925419,Lívia Ferreira,1986-04-10,azevedoana-julia@gmail.com,51 7567 7002
84236175991,Sophie Correia,1988-01-26,jribeiro@hotmail.com,21 0647-9695
45079613270,Dra. Alice Mendes,1975-04-05,wmonteiro@monteiro.com,+55 51 3349 1141
52048739105,Maitê Peixoto,1967-07-03,uaragao@nogueira.br,0500 171 3578
52483196098,Clara Gomes,1967-05-28,isabella63@castro.br,+55 81 1987-6351
48935720160,Eloah Silva,1980-03-15,silveirajoao-lucas@da.br,+55 81 8969-0835
72315896428,Pedro Miguel da Rocha,2006-12-05,murilo24@ig.com.br,0300-363-1230
34798652083,Davi Lucca Fogaça,1958-08-24,vitoria48@barbosa.com,+55 21 5941 6516
23145609734,Ana Laura Duarte,1990-03-06,rafael96@pereira.com,+55 (051) 3476-4907
85124396024,Yuri da Conceição,1974-01-23,paulo09@gmail.com,+55 (071) 3486 4518
37609248592,Emanuel da Cruz,1979-03-23,razevedo@gmail.com,(084) 7656-1248
15648729049,Pedro da Mata,1992-03-29,alexandrenunes@hotmail.com,(041) 5911 2382
96538120415,Eduardo Cardoso,1977-07-26,yurinascimento@bol.com.br,+55 21 0089-3173
42039687556,Sr. Miguel Costa,1950-04-27,hsales@hotmail.com,+55 (084) 3447-6263
93456180748,Antônio Gonçalves,1967-03-06,xfarias@cardoso.com,(071) 2563-6694
19072834631,Fernando Santos,1991-07-12,agatha52@bol.com.br,+55 (061) 9242 8757
21574386026,Sr. Cauê Sales,2006-03-03,ana-julia44@bol.com.br,+55 71 8562-5728
70318645939,Davi Lucca Rezende,1979-01-22,cbarbosa@rodrigues.br,11 1215-1342
28475619002,Stella da Mata,1977-09-12,sofiasales@melo.org,+55 71 6591 5201
79852401360,Mariane Porto,1971-06-21,caiogomes@caldeira.com,81 9616-4236
10397524897,Heitor Rodrigues,2003-11-16,maria-luiza92@yahoo.com.br,+55 41 5837 7674
96183275409,Augusto Silva,1972-08-13,liviada-costa@uol.com.br,51 8147 6174
29461735006,Ana Julia Barbosa,1984-04-18,goliveira@fernandes.br,+55 61 9180-1722
60135249716,Lavínia Ferreira,1972-08-02,joao-lucascardoso@cavalcanti.br,61 0061-0277
67489231078,Daniel Alves,1962-05-06,da-motabenjamin@rocha.net,(021) 8314-7276
01285346998,Maria Luiza Farias,1963-01-23,vbarros@gmail.com,+55 51 6679 9840
76948530265,Alexia Pereira,1988-08-01,fogacalivia@uol.com.br,(071) 1795-7602
43728196509,Raquel Rezende,1958-04-14,rpeixoto@ig.com.br,21 7293 4172
23948051704,Emanuel Barros,1950-08-05,theo22@bol.com.br,+55 (051) 1561 9318
37426058956,Srta. Laura Ramos,2006-08-19,cavalcantihelena@santos.com,+55 71 3524 7871
25861073902,Felipe Ribeiro,1972-08-02,davi-luizfogaca@yahoo.com.br,84 5328 6326
69784201313,Theo Silveira,1954-02-04,pedro-lucas62@caldeira.br,+55 (051) 2908 4668
45802917350,Melissa da Rocha,1986-05-29,stephany63@yahoo.com.br,+55 21 0856 2884
31472809696,Yago Jesus,1998-10-19,caldeiravinicius@yahoo.com.br,21 5101-7490
75368419228,Raul Cunha,1997-12-21,emanuelmartins@bol.com.br,0800 357 1266
19038654766,Dr. Nicolas Silveira,2002-05-11,isis76@uol.com.br,(084) 6228-2772
89157340250,Isadora Costa,1990-04-19,costavicente@bol.com.br,(021) 0821 5454
47061538910,Enrico da Mata,2005-02-06,costagabriela@yahoo.com.br,+55 (084) 0679 4975
67291435846,Thomas Martins,1955-06-09,zdias@yahoo.com.br,71 0741-2094
81974502341,Lívia Aragão,1957-07-18,freitasvalentina@farias.br,71 9070 5626
08532946747,Danilo da Mata,1966-10-01,paulooliveira@caldeira.com,+55 (081) 4615 2654
61089453205,Gabriel Caldeira,1971-01-09,ecampos@gmail.com,81 3048 9138
24630815708,Bárbara Farias,1985-12-09,abarbosa@uol.com.br,0900-420-0749
46587120326,Dra. Maria Fernanda Campos,1969-10-26,icosta@pinto.net,0800-855-4743
59374208610,Agatha Ribeiro,1949-08-26,aliciarodrigues@teixeira.com,+55 11 8071 5695
62073815995,Vinicius Aragão,2000-12-20,joao-pedro19@ig.com.br,(031) 3375 0479
30965781259,Marcos Vinicius da Mota,1994-04-06,costelapietra@costela.net,41 4308-9487
06982341704,Manuela Rezende,1983-01-31,das-nevescaio@yahoo.com.br,84 8750 6351
90357814223,Dr. Bernardo Castro,1951-04-04,laraujo@ig.com.br,(071) 4317 3505
83164590784,Ana Vitória Cardoso,1953-06-28,slopes@costela.br,+55 (081) 4961 1080
46809312722,Joana Rezende,2003-06-21,mendesmaite@ig.com.br,+55 (041) 7859 3110
91348625791,Rebeca Pires,1962-01-05,bryancaldeira@lima.br,(041) 9822 7495
45096173216,Isabel da Paz,1962-12-30,mendesjoao-miguel@rezende.br,0800 959 4652
17039852497,Mariane da Rosa,1965-08-16,olivia63@uol.com.br,+55 (061) 0501-5081
24715890305,Eduardo Gomes,1961-03-18,milena25@da.com,+55 71 1026-1534
73562189095,Danilo Costela,2003-06-15,emillynascimento@lopes.br,+55 51 0993 8425
30461798204,Vitória Campos,1960-10-02,cecilia87@hotmail.com,(061) 5877 7496
90316754820,Kevin Nascimento,1988-03-29,luiz-gustavo81@cardoso.br,+55 31 9078-9567
76823941022,Leonardo Dias,1967-06-09,davi-luiz48@freitas.com,+55 71 1508 3535
49815762346,Vitor Jesus,1968-07-16,lnunes@ig.com.br,+55 (021) 7826 3337
38759201630,Stella Peixoto,1963-08-16,xaraujo@hotmail.com,0500 240 7553
69875421049,Valentina Azevedo,1958-10-30,isabel99@nascimento.net,61 1863 7159
74190865320,Diego da Paz,1954-02-02,juan34@ig.com.br,51 1705 8025
69201435851,Cecília Costela,1963-05-11,kribeiro@bol.com.br,0500 493 8743
02793418579,Luiza Ramos,1980-11-05,gomeslivia@monteiro.org,61 9263 2967
62135074934,Maria Alice Gonçalves,1994-09-22,catarinaoliveira@moura.com,21 5672-4380
70156349299,João Vitor Azevedo,1950-02-02,cunhapietro@ig.com.br,(061) 7711-8372
74210853607,Luiz Otávio Novaes,1960-10-27,fogacahenrique@moraes.com,+55 11 0837-0816
47098536229,Sr. Eduardo Carvalho,1950-06-14,alvesrenan@hotmail.com,+55 (084) 3122 0681
59341678048,Enrico Cavalcanti,1973-08-16,antonionunes@ig.com.br,(051) 0637 3149
50173298460,Caio Martins,1992-04-16,raulda-luz@ig.com.br,(051) 7150 9976
83017456900,Sra. Sophia Farias,1991-07-15,cunhavinicius@goncalves.net,+55 (021) 6303-9752
45093278114,Sr. Emanuel Viana,1953-01-15,laranascimento@da.br,+55 (011) 1713 0232
12394078669,Davi Luiz da Paz,1966-01-10,larafarias@yahoo.com.br,(011) 9734 7156
62739450125,Vitor Hugo Nascimento,1978-06-12,juliana82@fernandes.org,(051) 4689-7152
73210596859,Julia Moura,1975-06-30,luna91@uol.com.br,+55 (051) 1692 3645
87590342629,Lucca Azevedo,2004-09-10,da-conceicaoluiz-henrique@bol.com.br,(051) 2439-9201
16854093775,Eloah Jesus,1983-06-06,nicole61@gmail.com,0500 524 3640
27086349178,Sra. Bárbara da Luz,1974-11-09,joao-vitorrodrigues@santos.net,+55 (061) 3023-4679
12980357405,Sr. Nathan Duarte,1981-11-18,alvescaua@yahoo.com.br,+55 (011) 9013 8069
84732961509,Heloísa Lopes,2004-12-11,maria-cecilia66@moraes.com,+55 (011) 7620 9184
35748962047,Pedro Miguel Martins,1950-06-29,martinsmaria-fernanda@uol.com.br,+55 31 9769-1567
16479503848,Heitor Vieira,1981-02-15,ecorreia@farias.com,+55 51 6025 6434
71245309897,Murilo Campos,1993-03-08,pnascimento@ig.com.br,84 6334-1411
15380426905,Maria Julia Almeida,1970-07-05,yagopereira@moreira.com,41 9931-6087
52461370907,Vinicius Azevedo,1990-02-11,clara14@ig.com.br,0500 737 4605
23856017968,Rafael da Cruz,1950-10-30,ana-carolina75@uol.com.br,61 1844 3861
25068934747,Beatriz Pires,1996-09-20,gustavo33@ig.com.br,+55 (081) 0591-2662
01538942704,Larissa da Costa,1992-01-10,bernardocosta@hotmail.com,61 7492 6176
47506893193,Natália Silva,1964-08-31,sfreitas@da.br,(021) 4921-5182
60947538283,Rafael Costa,1961-08-27,portopedro-lucas@barbosa.net,+55 (031) 1840-1184
58239016405,Valentina Gonçalves,1994-03-20,isabellyrodrigues@ig.com.br,(051) 8598 8310
30912645806,Isabella Freitas,1958-02-07,vieiraluiz-gustavo@yahoo.com.br,41 2671 4628
31456829033,Brenda Lopes,2002-12-20,maraujo@hotmail.com,+55 11 4181 8615
15862943005,João Miguel das Neves,1975-02-15,da-luzemanuella@rodrigues.com,51 5948 4910
25619437043,André Silva,1997-11-23,gustavo-henriquenascimento@barros.br,+55 51 9672 7578
49685123098,Juan Lopes,2006-11-17,cardosonatalia@carvalho.com,+55 21 4870 6827
78130492504,Sra. Pietra Teixeira,2000-05-17,oliviasouza@ig.com.br,0500-097-2832
15247039823,João Lucas Correia,1972-05-11,goncalvesnoah@goncalves.org,+55 11 0963-4807
97028431622,Sr. Alexandre Monteiro,1998-07-10,amoraes@pinto.net,+55 21 8826 1702
43782591097,Emanuelly Cavalcanti,1979-03-16,guilhermemoraes@ig.com.br,(021) 0531-3402
69501732452,Kaique Rodrigues,1986-10-18,pietronunes@bol.com.br,51 2110 2258
03952871621,Gustavo Henrique Rodrigues,1954-12-25,laviniada-costa@ig.com.br,31 2341-4363
71284650901,Alícia Freitas,1962-06-09,naragao@carvalho.br,51 4335 6708
60482571390,Ian Barros,1961-09-23,barrosmaria-alice@da.org,(071) 4916-2475
54109673216,Sra. Sofia Souza,1990-07-06,maitefreitas@hotmail.com,0800 611 2910
93857042141,Thiago Ribeiro,2001-02-22,bryancostela@peixoto.org,84 5571-6176
89014263740,Ana Carolina da Mota,1999-10-07,gteixeira@gmail.com,+55 (041) 7868-6694
32014678553,Rafaela Souza,1966-12-22,nicolasfogaca@bol.com.br,+55 71 2308 3402
42960178530,Pietro Monteiro,1992-05-31,davi-luiz84@ig.com.br,+55 84 6945 0053
42907568167,Eloah Vieira,1963-05-23,pietrofogaca@hotmail.com,0800 627 3652
71983640557,Srta. Melissa Gomes,1950-10-17,joao-gabrielnovaes@ig.com.br,0500-312-1637
61250498767,Carlos Eduardo Alves,2001-04-24,luiz-felipecardoso@da.com,+55 (021) 1851 3279
72483190588,Maria Cecília Costa,1950-10-21,viananicolas@silva.com,+55 (011) 3036 6254
36197054884,Sr. Paulo Melo,1957-05-31,barbosakamilly@hotmail.com,+55 (051) 6859-2624
94502371661,Davi Lucas da Conceição,1971-02-26,uporto@campos.com,0500 642 1522
65839742155,Pietro Farias,1975-06-09,iteixeira@uol.com.br,61 8361-9689
31920854606,Carlos Eduardo Caldeira,1973-02-18,nicolasramos@hotmail.com,81 6333-0212
60928541398,Danilo Moreira,1958-12-22,davi-lucasalves@da.com,(071) 2847-6570
41205687920,João Vitor Pereira,1995-08-18,isabella84@ig.com.br,+55 31 6241-8623
60371482526,Gabrielly Nunes,2005-08-27,calebemoura@ig.com.br,(011) 3411-1595
03417958288,Diogo Vieira,1963-02-01,luiz-otaviocardoso@rocha.com,(051) 1405 4683
56917028401,Stephany da Costa,1950-12-21,sazevedo@hotmail.com,+55 (021) 7113-3228
89531247609,Theo Nogueira,1965-08-19,da-costaisabel@castro.com,+55 (011) 4817-1752
42189650305,Thales Ramos,1966-11-30,sarah72@gmail.com,0300 705 4669
27546980194,Lavínia Ferreira,1995-10-23,fariasmariana@da.org,41 2961 3671
57894306274,Srta. Julia Pinto,1962-12-07,caue55@bol.com.br,(084) 3714-7082
72384095188,Lorena da Rosa,1953-01-15,pereiramarcelo@da.com,+55 (011) 1461-4768
34260591770,Eduardo Monteiro,1977-11-17,steixeira@hotmail.com,(021) 5960-8931
92576803121,Luiz Felipe Lopes,1957-02-02,eloah07@hotmail.com,(041) 9103-3682
96321504815,Heitor Lima,1983-07-12,aramos@moraes.br,71 6851-2765
28943576137,Esther Castro,1955-04-28,aragaolaura@cavalcanti.br,0900-817-8904
63897450283,Ana Vitória Monteiro,2003-05-17,anovaes@yahoo.com.br,+55 21 8444-4630
60871245949,Larissa Duarte,1987-03-06,lauranovaes@gmail.com,0500 626 2658
26305189498,Emanuella Vieira,1960-03-08,diegocarvalho@gmail.com,(021) 0920-9819
60235718408,Diogo Teixeira,2006-07-21,qferreira@freitas.com,+55 (031) 9117 9112
49206375199,Luigi Aragão,1977-07-07,ncardoso@nascimento.br,(041) 2240-2990
15834706975,Diogo Araújo,1985-10-31,leandromoreira@da.br,+55 84 3124 4731
58439672128,Fernando da Luz,1962-10-29,lcavalcanti@bol.com.br,(041) 2376 7694
51638429006,Bárbara Azevedo,1984-02-27,mgoncalves@ig.com.br,51 5601 2562
53179240652,André Lopes,1996-03-13,kevin79@dias.com,51 4938 3184
91653240725,Luiz Felipe Sales,1952-07-18,hcosta@uol.com.br,+55 (041) 9596-3904
09721386413,Sr. Bernardo Ribeiro,1955-11-01,marcos-vinicius55@uol.com.br,+55 21 8579 0647
71540986276,Calebe Martins,1996-02-25,joaquimcarvalho@hotmail.com,31 8004 0104
14578326071,Nathan Ramos,1957-07-09,gustavo96@costa.net,0500 774 5731
49128756002,Luiz Felipe Caldeira,1963-10-27,biancanogueira@rodrigues.net,0900 885 4728
12387594088,Guilherme Pereira,1960-07-14,da-conceicaobeatriz@gmail.com,+55 61 3072 4078
75409621867,João Vitor Santos,1978-09-05,piresmarcelo@yahoo.com.br,+55 41 0663 4362
94783062510,Enzo Gabriel Correia,1952-12-22,lucca18@freitas.br,61 6134 7323
54890612351,Sra. Olivia Duarte,1960-12-11,da-cunhajoao-lucas@yahoo.com.br,(051) 2076-5024
12048379613,Ana Sophia Barbosa,2005-02-01,lorenzo88@da.org,(071) 7758 4745
70529638177,Manuela Aragão,1959-06-05,marcelada-conceicao@yahoo.com.br,11 0396-5313
61459732006,Renan Monteiro,1971-11-24,tfreitas@hotmail.com,+55 (061) 9859 1679
54103792680,Evelyn da Cruz,1970-01-09,caue40@uol.com.br,+55 (061) 3491 0740
65072184994,Theo Fogaça,1959-01-25,scardoso@azevedo.net,51 6614 4942
96584173020,Maria Clara da Paz,1969-11-05,jesusisabel@ig.com.br,(061) 8266-1287
58932641773,Alice Araújo,2001-07-16,cunhalaura@yahoo.com.br,+55 51 9852 9894
06235987102,Bruno Caldeira,1967-09-30,juliana14@melo.com,+55 71 9803 8287
23975601868,Bernardo Almeida,1959-10-10,fariasjuan@ribeiro.br,61 0146 7238
47138059205,Luiz Gustavo Viana,1962-12-29,sgoncalves@ig.com.br,+55 41 9754 6617
69207385112,Nathan Jesus,1951-09-06,moraesguilherme@uol.com.br,(051) 4025-8835
86175923464,Raquel Cunha,1968-04-20,pcampos@uol.com.br,41 7929 8842
59607814258,Ana Lívia Sales,1995-08-03,sabrina33@gmail.com,+55 (051) 6610-9410
17548093675,Sra. Isis Cunha,1992-09-25,luiz-fernandorodrigues@gomes.net,+55 (081) 2683-1901
30287961478,Sabrina Souza,1983-02-15,isabellaribeiro@moraes.com,+55 (084) 7661 9128
41837029687,Fernando Nogueira,1997-03-20,da-cruzmurilo@gmail.com,61 9389-8469
08143295788,Emanuella da Paz,1972-02-16,juanvieira@caldeira.net,11 1990-5169
91782043640,Clarice Monteiro,1978-09-22,stephany30@gmail.com,+55 (041) 3896 0870
69235810442,Paulo Moura,1973-04-19,ana-julia03@carvalho.br,61 9003-0102
72408513626,Julia Rocha,1994-02-09,cardosoluiz-fernando@sales.br,(031) 5843 8458
81023459779,Daniel Silveira,1965-01-18,felipemoura@ig.com.br,+55 (011) 0377-1070
49620573161,Alexia Nascimento,1975-07-15,das-nevesjuan@uol.com.br,+55 (061) 6804-0850
95467108220,Valentina Caldeira,2004-04-20,igomes@pereira.org,+55 (031) 6732-0441
38427906196,Dr. Rafael Fernandes,2002-08-09,limaisabel@ferreira.com,(031) 7070-7057
83604729122,Leonardo da Mata,1966-12-01,catarina23@ig.com.br,+55 (051) 2903-1028
75048192630,Anthony Moraes,1986-02-19,samuelcavalcanti@santos.com,31 1335-9561
64207851380,Isadora Ribeiro,1969-05-15,vicentebarbosa@da.com,+55 51 9358 8953
60235849189,Sabrina Costa,2007-01-15,hsouza@lopes.org,+55 (071) 9435-3537
51379620821,Lívia Cardoso,1974-01-05,ana-liviapeixoto@hotmail.com,0300 283 6929
49520731814,Luna da Paz,1961-08-08,da-cunhaerick@uol.com.br,+55 71 8712-0602
12638975095,Sra. Ana Vitória Mendes,2005-06-25,barbosadanilo@ig.com.br,11 7676 4722
98170423678,Giovanna Pires,1961-05-21,diasnoah@uol.com.br,(081) 0988 9864
56981702312,Manuela Freitas,1988-07-01,monteiromiguel@hotmail.com,+55 71 4477 3244
91352807602,Noah Barbosa,1986-02-04,rodriguesbenjamin@da.org,0500 678 2741
17632098496,Sr. Vinicius das Neves,1998-11-09,ian85@ramos.com,(051) 0618 5380
03248165707,Luigi da Mata,1999-04-12,francisco31@bol.com.br,+55 11 0617-8932
06473812571,Marcela da Mata,1969-10-13,maria-clara77@moraes.br,(021) 1314 6753
61237059895,Srta. Stephany Rocha,2006-07-13,bduarte@yahoo.com.br,+55 81 8360-8545
69738201403,Srta. Heloísa Barbosa,1970-05-10,kdas-neves@hotmail.com,61 3199-5298
09685243700,Ana Beatriz Silveira,1963-09-07,ianteixeira@uol.com.br,+55 31 4255-6383
09864731548,Gustavo Henrique Jesus,1951-01-04,bernardofogaca@nascimento.br,+55 81 4111 8600
82154379664,Dr. Luiz Gustavo Aragão,1969-12-03,gda-paz@yahoo.com.br,0500 764 6136
84725913014,Sabrina Novaes,1974-09-22,kdas-neves@novaes.br,31 7914 5211
82367410950,Mariana Ribeiro,1984-12-23,salesluiz-fernando@lima.br,+55 (021) 0599-6043
87925164328,Maria Eduarda Cardoso,1956-07-04,nascimentofernando@gmail.com,+55 (031) 8123-7106
72915436061,Cauã Pinto,1969-05-19,laura59@ig.com.br,+55 (041) 2483-9589
47812695328,Ian Peixoto,1961-07-22,acampos@da.net,+55 41 8751 0979
21574893041,Guilherme Gomes,2005-03-18,vicente96@yahoo.com.br,84 8319-2134
24178536982,Dra. Natália Ribeiro,1963-08-09,diasleandro@da.com,(071) 0510-2876
75490136243,Sra. Isabella Lima,2006-06-06,da-rosaisaac@ig.com.br,+55 84 2687-7418
65207384171,Paulo da Mota,1975-05-22,rafaelaalves@hotmail.com,(031) 5830-9451
54082793160,Amanda Fernandes,1968-01-07,ribeirolara@rodrigues.com,(071) 8105-0922
21670539407,Sr. Marcelo Freitas,1962-07-29,maria-eduarda52@silveira.com,71 6013 8241
27094138687,Guilherme Monteiro,1957-05-15,kcarvalho@uol.com.br,+55 31 1121 2590
20359786456,Rodrigo da Mota,2000-03-21,calebe64@freitas.br,81 3343 2447
41729653855,Nina da Cunha,1951-11-10,estherda-rocha@ig.com.br,(021) 5435-8841
83419205732,Beatriz Rezende,1989-04-17,heloisa69@gmail.com,(061) 1502 6755
12589370423,Laís Pinto,1999-02-06,qfarias@ig.com.br,31 9576 4038
16872435062,Luiz Gustavo da Cunha,1969-10-25,franciscomelo@carvalho.com,(084) 7627 0232
49176530299,Rodrigo Moura,1949-09-11,ryancastro@uol.com.br,81 6376-7316
25937864182,Ana Julia Monteiro,1982-08-03,larada-luz@moura.com,0800-961-3273
03489267583,Brenda Gomes,1970-07-13,qazevedo@uol.com.br,+55 (051) 2681-7151
60271439599,Luigi Nunes,1978-02-09,ana-carolina41@santos.br,(071) 5851-2686
12085467911,Ana Beatriz Rezende,1968-07-13,rodriguesana@barros.br,+55 61 6540-8424
56032974847,Sr. Luiz Otávio Novaes,1966-04-12,teixeiradiogo@da.org,(084) 7938 9701
59014732805,Dr. Kevin Nunes,1950-11-19,milena16@da.org,(031) 9883 0597
36458129033,Juliana da Mata,1995-07-06,andre63@gmail.com,84 2447 9513
30518429660,Kamilly Melo,1986-03-17,valves@yahoo.com.br,(051) 5727 7382
64905872111,Isabel Cardoso,1963-06-26,nathan57@ig.com.br,(061) 0299-2959
69082437104,Ana Nascimento,1990-09-04,novaesleandro@correia.com,71 8653 6945
51946730866,Sophia Rezende,1968-11-03,joao-gabrielnunes@yahoo.com.br,+55 (011) 8572 1696
69350418215,Maria Julia Oliveira,1950-11-30,isaacribeiro@ig.com.br,+55 31 5096 8832
75319620470,Antônio da Rocha,1988-08-31,rfarias@bol.com.br,(031) 3278-1952
37105692812,Ana Julia Peixoto,1967-01-21,pirescamila@goncalves.com,21 6876 1124
91273680502,Francisco Castro,1971-10-26,wrodrigues@ferreira.br,(071) 7494 9022
84012953605,Theo da Cruz,1987-12-27,rpires@yahoo.com.br,+55 (021) 2294-6430
34280769150,Mariane da Cunha,1972-10-13,eloah56@da.br,+55 (051) 7601-5343
32475019832,Maria Fernanda Alves,2006-07-09,thomasazevedo@castro.br,21 1488-8107
98312640703,Augusto Fogaça,1986-12-03,da-motanicole@gmail.com,+55 81 8403 3399
79140253805,Leonardo Cardoso,1981-10-02,vianajoana@rodrigues.com,0800 617 3997
04682317571,Esther Jesus,1967-05-04,marcos-vinicius88@pires.com,+55 (061) 7058-7722
16403298704,Enrico Lima,1983-07-04,sofia87@gmail.com,(031) 9392 5236
29874356146,Francisco Ribeiro,2006-02-22,gustavo45@ig.com.br,11 5746 9660
60925134805,Srta. Cecília Fernandes,1969-06-03,martinsana-clara@uol.com.br,(061) 8833 9874
19382740678,Dra. Luiza Farias,1968-06-03,castrocarlos-eduardo@ig.com.br,(081) 4857 4172
15679823012,Ana Laura Pires,1966-01-18,giovanna84@ig.com.br,+55 (031) 2155 7325
73926154080,Cauã Oliveira,1978-06-10,hbarros@gmail.com,31 5096-0858
74590682338,Bruna Silva,2006-12-13,wda-mota@pinto.br,(041) 2512-9578
60942837592,Igor Pereira,1959-08-08,isismartins@bol.com.br,(051) 3959-2323
42109563761,Igor Lopes,1965-01-07,otavioda-cruz@fogaca.net,+55 11 5027-1607
36098517401,Ana Vitória Carvalho,1961-04-11,rebecada-rocha@rodrigues.br,(051) 6331 8574
81706349548,Dr. Henrique Campos,1978-11-26,marianacardoso@ig.com.br,51 7045 0232
90241538750,Yasmin da Rocha,1999-09-16,lavinia62@uol.com.br,+55 (051) 2822-5120
73485296155,Yuri Araújo,1971-12-04,vazevedo@oliveira.br,0300-822-1053
16903542752,Otávio Almeida,1970-07-21,ifernandes@yahoo.com.br,71 5917-7932
38261507912,Sra. Esther Cavalcanti,1966-05-11,joao-lucas45@silveira.org,+55 81 5652 9060
32015764925,Sr. Murilo Rocha,1982-04-15,leticianunes@uol.com.br,+55 11 7948-7148
59276348000,Heloísa Silveira,1967-04-01,ana-clara08@castro.com,+55 71 8425 4768
18234957023,Eduardo Moraes,1985-02-15,teixeirathiago@souza.com,+55 41 2932 8963
40623951770,Sr. Thiago Jesus,1949-05-20,marina84@campos.com,+55 (011) 7236-2669
39501278603,Dra. Maria Luiza da Costa,1963-05-14,maria-eduardafreitas@yahoo.com.br,+55 (021) 1848 1973
74185630271,Sra. Emanuelly Barbosa,1975-04-28,rezendeana-clara@bol.com.br,+55 (041) 7438-1199
53769840283,Thiago Freitas,1966-06-27,wfernandes@gmail.com,+55 (021) 1739 7396
41796532819,Otávio Cavalcanti,1989-07-14,costasarah@moreira.com,(084) 7798 0660
32058761480,Sra. Eloah Moraes,2005-01-18,luiz-felipe47@gmail.com,(061) 7423 8856
52760843947,Dr. Caio Carvalho,1992-11-15,lais72@uol.com.br,+55 (081) 4755-7522
50174293879,Mariane Cardoso,1962-11-16,nunesluiz-miguel@mendes.br,+55 84 6149 9153
70341285960,Srta. Elisa das Neves,1979-04-30,antoniogoncalves@aragao.br,84 8936-2896
96452831755,Ian Viana,1973-08-29,pedrofarias@castro.br,61 5193-5837
40793568200,Matheus Porto,1987-05-26,barbara21@campos.org,0300 409 7626
37485260162,Vitor Viana,1995-09-22,barrosmaysa@yahoo.com.br,0900 119 1862
39261087469,Sr. Caio Nunes,1988-06-02,snascimento@uol.com.br,+55 84 5214 5264
71293845060,Dr. Vitor Gabriel Castro,1985-01-03,caldeiragiovanna@gmail.com,31 1208 0056
40568192389,Luiz Otávio da Rosa,1972-11-08,juliamoura@pires.com,(031) 0908-1441
52803147904,Mirella Vieira,2005-12-17,qcorreia@bol.com.br,+55 (084) 5352 3736
05938472610,Milena Martins,1985-03-31,miguelmartins@hotmail.com,(041) 3466-6617
07124358671,Vitor Caldeira,1985-04-05,davilima@lopes.com,+55 (071) 4635 8068
82576014380,Enzo Gabriel Lopes,1954-04-29,kda-rocha@barbosa.net,+55 61 4035 2635
60214975380,Pietro Fogaça,1977-03-16,yoliveira@da.br,+55 61 9060-7231
19263087512,Vicente Fernandes,1995-09-12,esther44@bol.com.br,+55 71 1163-1873
28036745992,Carolina Cardoso,2001-04-02,ana-juliamoura@da.br,0300-083-3509
02568174994,Ana Carolina Novaes,1975-03-22,clarice13@da.br,+55 (041) 7139 8482
28506739438,Rebeca da Cunha,1998-08-20,breno21@ig.com.br,+55 31 0609-0691
30185947204,Sofia Duarte,1995-10-31,ryan77@hotmail.com,(051) 8532-4264
25039174888,Dra. Daniela Nunes,1957-11-13,alexiapeixoto@uol.com.br,(051) 7767-5556
28316549719,Maria Clara Oliveira,1974-11-13,yurida-conceicao@uol.com.br,+55 51 8749 6033
58293460105,Ryan da Rocha,1975-08-17,pietra92@da.com,81 5732 7599
80169543242,Sr. Ian Moraes,1963-03-05,paulocampos@lopes.br,(071) 5244-1822
26148379546,Sra. Olivia Farias,1957-01-27,wcastro@cunha.br,41 7209 5799
27035491805,Sr. Davi Cunha,1991-10-29,hda-costa@ig.com.br,+55 (081) 5415-9709
96278153068,Gabrielly da Cunha,1952-11-24,luiz-miguel76@barbosa.org,(051) 1580-2909
04613589720,Sra. Helena Moreira,2004-01-06,imendes@yahoo.com.br,+55 71 8374-4171
58107694201,Sr. Davi Lucas Duarte,2002-05-13,alvesmirella@mendes.com,+55 (021) 9751-9102
31205648933,Benjamin Cardoso,1975-09-09,brunada-paz@ig.com.br,11 9274-9072
80176254994,Srta. Pietra Cardoso,1962-03-02,rebeca32@goncalves.br,21 4364-5380
49206531824,Sophia Pinto,1954-10-20,carvalhopedro-miguel@bol.com.br,21 9194 5757
57463210871,Ryan Moraes,1977-03-29,ymartins@uol.com.br,(061) 7722-6602
56237089438,Nicolas da Mata,1964-02-16,novaesbrenda@fogaca.com,11 6248-4337
97631805466,Igor Rocha,1990-09-21,lucassilveira@uol.com.br,+55 11 6704-2549
61247593061,Dr. Bernardo Aragão,1979-10-14,nfarias@yahoo.com.br,+55 31 5748-5953
25384610735,Lorena Aragão,1970-09-10,nda-conceicao@cardoso.br,(061) 9417-6342
50716829312,Bianca Fogaça,1971-02-20,kamilly83@ig.com.br,+55 (071) 9914-0388
43685021915,Gustavo Araújo,1951-04-28,mourabianca@hotmail.com,(041) 6829-7514
74358920683,Sr. Cauã Barros,1971-08-01,gustavo-henrique56@bol.com.br,+55 (041) 6562 5904
50896137295,Davi Lucas Cavalcanti,1984-12-07,diegomoreira@mendes.com,81 5176 8086
62197350480,Erick Caldeira,1993-03-27,das-nevesbarbara@barbosa.net,+55 (021) 2855-6608
47056389210,Alícia da Rocha,1964-12-23,monteiromariana@gmail.com,0800 582 6328
04872639529,Eloah Melo,1962-09-06,yuri14@uol.com.br,+55 (041) 7986 3210
61384295755,Dr. Benjamin Dias,1987-12-08,danielaaraujo@yahoo.com.br,+55 (021) 3253 7657
62734589010,Paulo Cavalcanti,1949-05-18,alvesmarcos-vinicius@jesus.br,0300 210 5336
51439027625,Danilo Ferreira,1980-06-14,araujobruna@alves.net,(051) 9844-0971
23185604717,Letícia Oliveira,1961-04-09,campossophia@gomes.br,+55 (081) 4043-3700
96781025449,Isadora Ramos,2005-03-17,viniciusmoura@ig.com.br,81 8255-6296
57962138491,Dr. Bryan Fernandes,1958-09-23,livia77@bol.com.br,+55 (041) 0582-9582
92365701434,Maria Cecília Barbosa,1984-09-18,fernandesgabriela@dias.com,(061) 5868 6395
61359782095,Srta. Vitória Santos,2003-10-18,eda-conceicao@duarte.br,(031) 3813 0004
13265049752,Kevin Moraes,1994-05-19,jesusrodrigo@uol.com.br,31 3469 9799
07932581460,Sophia Teixeira,2001-09-29,rmonteiro@araujo.br,+55 (051) 7174 8113
17652930499,Marcos Vinicius Porto,1964-02-05,alvesmaria-luiza@hotmail.com,0900 087 1827
46029735152,Davi Lucca Barbosa,1969-02-11,rcorreia@hotmail.com,+55 11 3773 0626
04217839669,Srta. Ana Luiza da Cunha,1958-10-31,pirescecilia@pinto.com,51 5816 7046
86109247340,Elisa Cunha,1957-08-05,davida-mata@porto.org,(081) 1296-1803
32415906743,Valentina Alves,1957-01-12,jesusguilherme@yahoo.com.br,+55 51 7337 7731
26175840380,Ana Julia da Cunha,1966-03-04,levi46@gmail.com,(021) 0560-3567
93284567038,Noah Silveira,1968-12-07,pintojulia@gmail.com,84 1812 0546
47529861328,Luiza Nogueira,2000-11-25,fmendes@mendes.com,+55 61 4449-8355
39521687428,Lara da Mota,2001-08-23,joao-miguel58@da.br,0800 821 4339
52781346900,Laís Teixeira,1972-08-04,lara14@nascimento.br,+55 (011) 1347 7894
86320749547,Larissa Nogueira,1970-09-02,joao-guilhermecosta@barros.com,+55 (084) 4188 4216
30876241950,Enzo das Neves,1991-06-09,lucas20@bol.com.br,0800 532 6389
02145687920,Felipe Oliveira,1964-05-25,lda-cunha@freitas.net,(041) 6996 7331
16739840539,Renan Rodrigues,1979-01-28,augusto78@bol.com.br,51 7935 2196
26319578068,Sra. Daniela Nascimento,1990-03-21,fariaslivia@ig.com.br,+55 (084) 7069 5560
76930821586,João Guilherme Ferreira,1981-12-03,leonardosilveira@azevedo.com,+55 31 1219-8041
84712639040,Juan Lima,1960-09-12,diegobarros@gomes.br,+55 (041) 3039-1114
28163495006,Luiz Otávio da Mata,1966-01-28,joaquim48@santos.com,61 2207 2239
54713602906,Pedro Miguel Barbosa,1953-12-04,alexandregomes@uol.com.br,51 7688 6878
56473190252,Breno Moura,2006-08-27,oliveiravitor-hugo@uol.com.br,(031) 5057 3036
27958310668,Leonardo Fernandes,1982-06-26,xrezende@hotmail.com,(061) 2603-2145
05738692195,Dr. Augusto Rocha,1953-12-21,joao-pedro48@hotmail.com,+55 (021) 1284 0083
85036291433,João Lucas Barros,2003-11-19,brodrigues@vieira.com,+55 (021) 6574-2231
96431075820,Diogo Peixoto,1988-02-06,bda-costa@da.com,+55 (084) 2047 1372
71853249637,Maria Eduarda Vieira,2004-10-11,emanuella29@bol.com.br,+55 84 9330-6745
84753021904,Matheus das Neves,2006-10-29,beatrizda-costa@viana.br,81 6695 4132
97162038530,Kaique Ribeiro,1951-06-11,erick43@uol.com.br,(084) 6936-6343
92514830788,Bruno Alves,1959-07-28,ycarvalho@ig.com.br,+55 (021) 0072-0245
51082973432,Paulo Almeida,2005-04-04,yurirodrigues@fogaca.org,0800-819-4217
94256801324,Sra. Alícia Novaes,2007-05-08,maria-vitoriaribeiro@uol.com.br,11 8446 6345
39715608221,Ana Vitória da Conceição,1956-09-08,heitorcardoso@yahoo.com.br,(071) 5937 6618
94375028114,João Felipe Campos,1952-09-08,yago27@novaes.br,(041) 2565-9202
46132708553,Maria Sales,1968-04-08,amandaazevedo@moreira.br,0800-550-1783
32576489109,Maria Sophia da Paz,1978-12-16,svieira@barbosa.org,(071) 0691 7679
93564187219,Alícia Dias,1994-11-05,aferreira@bol.com.br,+55 31 0373-6060
14608279378,Mirella Vieira,1968-12-05,yagomelo@viana.br,+55 21 5370 1242
49613785000,Henrique Viana,1996-06-02,da-costafelipe@duarte.org,+55 (051) 1751-8878
17460259306,Caroline Viana,1966-05-23,camposigor@mendes.net,(081) 5056-6186
32945708647,Stephany Sales,1987-04-18,pmartins@yahoo.com.br,+55 (081) 0073-0950
59680237400,Noah Silveira,1987-07-25,brunasales@costa.com,(051) 3486 4010
42963187564,Luiz Miguel Moreira,1954-06-21,olivia46@gmail.com,+55 (041) 4521 2899
15902846315,Clara Cardoso,1965-02-11,pedro-henrique88@vieira.org,81 4160-4615
40286953170,Lucas Moreira,1976-12-26,ian98@cardoso.com,0300 107 3228
36054219707,Leandro da Rosa,1991-02-03,emanuellygoncalves@yahoo.com.br,+55 84 6969 4439
16457308910,Caroline Fernandes,1996-05-27,lunacosta@costela.net,+55 (061) 1623 4190
31097286568,Thiago Costa,1974-06-15,qnascimento@bol.com.br,+55 84 7323-6533
79430251805,Benício Caldeira,2000-04-13,juan61@yahoo.com.br,+55 (011) 4426-0781
97528130460,Joana Fogaça,1960-04-12,ana-lauracunha@gmail.com,+55 41 7638-8214
58490273197,Bernardo Cavalcanti,1965-10-10,luigi89@bol.com.br,51 2780 2058
65031872462,Sra. Eloah Fogaça,1989-04-01,gmoraes@ribeiro.net,+55 51 5055 7385
73640592883,Juan Barbosa,1963-04-23,vteixeira@gmail.com,+55 51 8723 3351
04983725105,Bryan Mendes,1965-06-20,fernandesvitoria@barbosa.org,71 2073-6511
83409271678,Vicente Castro,1992-01-16,joao-pedro22@barbosa.net,+55 (081) 2470-7392
01325679461,Lucas Nascimento,1949-11-17,bernardo82@cavalcanti.com,+55 (031) 3126-1632
48531976219,Paulo Pires,1968-05-10,lara30@hotmail.com,71 4687 1912
03148579232,Daniela Costela,1965-09-22,duarteesther@mendes.com,+55 71 4582-2067
32956018795,Kevin Viana,1954-10-25,rda-cunha@yahoo.com.br,(081) 0000 0015
21857306902,Yuri Araújo,1998-04-21,pedro-lucas61@goncalves.org,+55 (031) 1829-9874
78196205449,Amanda Santos,1978-12-10,barbosajulia@gmail.com,+55 (011) 4365 5158
48236905160,Gabriel Silva,1964-11-12,maria-alice05@yahoo.com.br,+55 (041) 9608-0706
39647582137,Vitor Souza,1961-12-07,caldeiraluiz-otavio@costa.org,51 1880 4428
79341852005,Emanuelly Farias,1959-11-25,marianunes@da.org,81 4203 6258
63129084703,Pedro Lucas Nogueira,1960-01-09,rebeca40@hotmail.com,71 3558 2430
17623845071,Thomas Cavalcanti,1974-06-05,marcos-viniciusmelo@rezende.br,+55 (051) 4043 3335
38472095665,Calebe Carvalho,1955-10-18,icosta@gmail.com,0500-339-1373
26510379406,Vitor Gabriel Santos,1983-02-27,dcastro@bol.com.br,81 8800 2300
91563082489,Ryan Nascimento,1972-01-29,uferreira@yahoo.com.br,0300-160-9365
95206783102,Marcelo Gonçalves,1964-09-23,esouza@araujo.com,81 3223 9982
13726580417,Arthur Gonçalves,1958-03-18,moreiralorena@gmail.com,(081) 3766 6081
12670594867,Dr. João Vitor Carvalho,2005-01-13,rda-costa@cardoso.br,+55 11 1234-5506
89234067169,Sophie da Conceição,1991-08-19,nathan01@jesus.br,+55 (071) 5437-8826
03852497647,Isadora Porto,1996-05-22,santosvicente@goncalves.com,+55 (031) 7492 6999
69487530193,Luiz Otávio Moreira,1988-10-12,gustavomelo@bol.com.br,+55 51 4084 9932
31268759473,Maria Eduarda Caldeira,1977-02-10,zda-costa@ramos.com,(031) 2348-3893
59341608775,Dr. Rafael Costa,1959-01-20,benicio82@uol.com.br,0900 582 6418
69537014800,Ana Luiza da Conceição,2001-07-09,isabella51@da.org,71 8239 4840
02761948530,Julia Nogueira,1953-08-15,nogueiraclara@cardoso.net,0800-500-1680
94125806730,Lorenzo Oliveira,2002-01-03,isispires@da.com,31 3440 7779
46205317907,Natália Costela,1989-12-09,arthur81@ribeiro.br,+55 (071) 2991 4068
84176530235,Ian Moraes,1998-01-04,ryannunes@rezende.com,(061) 0321-1920
61397820403,Maria Cecília Monteiro,1974-12-12,leandroporto@viana.org,+55 71 9029-5026
48067321507,Levi da Rocha,1995-10-10,novaesbrenda@bol.com.br,+55 51 2778 2210
21764580958,Luiz Henrique Peixoto,1961-01-14,opires@uol.com.br,+55 31 8318-2856
05347982179,Nina Costa,1980-03-23,nunescecilia@hotmail.com,71 8205 0682
12895743088,João Vitor Moreira,1950-05-15,rcavalcanti@yahoo.com.br,71 9218 2192
56784029194,Maria Viana,1969-01-05,fernandoazevedo@azevedo.net,71 6948-4249
58190247379,Ryan Pires,1955-08-07,lucasviana@uol.com.br,(041) 6738-2097
46190382703,Maria Cecília da Costa,1991-10-19,ida-costa@yahoo.com.br,41 9370-8580
62380954151,Isis Melo,1996-01-06,araujomaria-eduarda@gmail.com,+55 (041) 4825-5442
86743195219,Pedro Miguel Farias,1992-07-01,vitoria63@viana.br,+55 (041) 4152-8572
56241397052,Dr. Calebe das Neves,1983-09-09,xmoura@rodrigues.org,51 8509 5744
30925486710,Lucca Rocha,1960-07-29,eloahmelo@fogaca.br,+55 (084) 6415-4715
53179628030,Lorena Souza,1955-12-27,uporto@aragao.org,+55 (021) 1410-5276
98154632098,Sabrina Costela,2000-12-04,fogacathiago@hotmail.com,+55 41 8885-6225
86902431515,Heitor da Cunha,1958-10-07,daniela54@bol.com.br,(081) 9655 9428
24105396889,Augusto Barbosa,1959-12-21,luiza39@ig.com.br,+55 31 1321-5513
05839412651,Sarah da Mata,1995-10-09,otavio48@nogueira.br,+55 (011) 7367-7462
02564187994,Luiz Miguel da Rosa,2004-03-01,cunhajoao-miguel@costela.com,+55 (011) 4910 6018
36491587010,Bárbara Ribeiro,1976-11-08,yda-luz@monteiro.br,+55 71 5847-2629
05249631851,Srta. Julia Barros,1986-09-29,pcosta@da.com,(051) 3373-9920
52814967355,Caio Pereira,2003-10-05,jesuslucas@bol.com.br,81 2325-5398
35429086142,Dra. Luna das Neves,1960-05-09,luiz-felipe09@yahoo.com.br,+55 71 4979-1279
97014638203,Isaac Farias,1994-09-24,ncorreia@uol.com.br,(061) 2988 3220
12537094832,Francisco Vieira,1982-08-19,rmonteiro@hotmail.com,31 8523 8600
30421986506,Lorenzo Campos,1972-12-18,nataliacarvalho@da.com,0900 501 4374
83041795639,Rodrigo Sales,1955-09-07,agathabarros@da.com,+55 71 7672 0191
19630845270,Rebeca Azevedo,1979-09-29,maria-alice87@da.org,0500 366 5380
27468013535,Bryan Gomes,1950-11-27,renanalves@bol.com.br,(061) 2294 6209
35879046184,Yago Sales,2005-05-26,diasana-vitoria@da.net,(011) 5858-5642
30485169720,Kevin Costa,1973-12-25,jdias@freitas.com,+55 (041) 9907-1669
06318295470,Davi Lucca Almeida,1964-06-15,fariascaua@gmail.com,+55 (031) 9567 9756
41539278646,Felipe Fernandes,1981-12-29,luiz-fernandorezende@almeida.com,+55 (061) 8018 1030
68307529140,Kevin Silveira,1952-04-05,moreiraana-livia@da.com,+55 51 5071 3806
71309826595,João Guilherme Souza,1968-02-10,joao62@gmail.com,+55 (081) 0096-2588
57693421025,Cauã Almeida,1972-01-27,laranunes@pires.br,(021) 2159-1832
70892341696,Isaac Araújo,2000-09-29,barrosana-livia@rezende.com,+55 61 0049-3881
94021768378,Paulo Santos,1951-12-09,ynovaes@bol.com.br,51 7313 7971
69403587229,Esther Barros,1982-05-14,luiz-felipe32@yahoo.com.br,(021) 2389-9499
17085293659,Enrico Rezende,1952-10-30,enricocarvalho@uol.com.br,+55 (081) 2041 8135
98710534601,Maitê Araújo,2004-11-03,tferreira@da.br,41 8397-8570
82067951467,Dr. Raul Carvalho,2005-10-05,vitor-hugocardoso@nunes.com,+55 21 2879 4296
89235647029,Augusto Moraes,1964-12-19,vitoria19@correia.br,(011) 0783-2748
83579201441,Gustavo Barbosa,1990-07-07,larissa66@bol.com.br,+55 51 4960 4784
21708496530,Davi Lucca Moraes,1988-10-29,ifreitas@almeida.net,+55 81 8688-3906
24631879050,Alexia Campos,1955-06-06,da-rosaenzo-gabriel@bol.com.br,+55 51 5923 6133
76021594894,Maitê Castro,1976-08-15,da-cunhathiago@yahoo.com.br,(031) 7241 9165
03429781523,Sophia Rocha,2000-03-24,marianaferreira@viana.com,71 7821 4174
68197253455,Marcelo Pereira,1991-04-24,cvieira@santos.br,0300 415 5945
01847659357,Sr. Samuel Nascimento,1996-08-21,enzo17@pereira.com,+55 31 9886-3653
62149857049,Luiza Almeida,1952-09-14,gabriel48@da.com,(021) 6648 9667
60593218795,Dr. João Guilherme Rodrigues,2000-10-28,esther09@uol.com.br,(041) 5338 9062
35469812006,Heloísa Gonçalves,1953-01-17,mmelo@dias.com,+55 (021) 6221 2242
76958321030,Sr. João Pedro Araújo,1956-05-31,matheuscastro@moura.org,61 8600-8017
98635710240,Murilo Moraes,1979-07-31,ana-livia26@da.br,+55 11 2120 3843
75392468047,Maria Clara Monteiro,2005-02-03,luiz-miguel82@costela.com,84 3854-5400
64852931089,Breno Correia,1958-11-19,maysaporto@teixeira.br,0900-177-6334
27901438622,Lucas Moraes,1997-12-17,camposlara@farias.com,+55 61 5306-9358
82471953050,Samuel Cavalcanti,1984-05-20,epires@silva.com,(011) 5244-4544
60394281713,Rafaela Vieira,1956-08-26,lucca91@teixeira.org,61 6999-6988
20493715860,Levi Cunha,1966-08-19,brenocarvalho@ig.com.br,0300-864-2423
83714652035,Carlos Eduardo Vieira,1983-05-20,kda-cruz@da.com,0500 832 2101
02319548670,Larissa Nascimento,1957-02-27,silvalorena@nogueira.com,+55 (021) 8143 5614
03425196898,Emilly Peixoto,2002-08-24,pedro-lucaslima@lopes.com,+55 (051) 0307 6205
45630289756,Larissa Nogueira,1978-01-30,cardosoantonio@ig.com.br,61 5411 3407
85134926719,Luiz Henrique Alves,1974-05-09,jpeixoto@goncalves.br,61 9996-2697
08347691231,Ana Julia Moreira,1951-06-12,xda-mata@uol.com.br,+55 11 9760 9320
12658394098,Bruno Vieira,1949-10-04,danilorezende@yahoo.com.br,(071) 8517 7741
27438106969,Bryan Nunes,1958-09-26,joao-gabriel22@bol.com.br,(081) 5891-7045
42169857346,Ian Pinto,2002-05-28,da-conceicaofernando@sales.com,0500 001 6356
40716529858,Bruna Martins,1998-06-07,caldeiradavi@uol.com.br,41 8224-7312
61942037570,Sr. Bryan Correia,1988-06-11,da-luzbeatriz@gmail.com,+55 31 5261 0537
02396751859,Alana Almeida,1982-04-15,santosisabella@yahoo.com.br,84 5432-9876
98367214528,Lucas Correia,1977-06-29,brunada-paz@teixeira.com,+55 11 1045-0258
96351078466,Sra. Laura Fernandes,1985-01-07,heitor68@nunes.br,+55 (051) 6739 8344
89342150624,Fernanda Nunes,1958-09-29,raul07@freitas.com,61 5795 5156
23950467106,Sr. Augusto Sales,1992-02-28,cavalcantilucas-gabriel@gmail.com,+55 21 1786 1902
54793018297,Raquel Moura,1965-04-09,maria12@gmail.com,+55 21 2275 9500
26079854392,Dr. Leonardo Mendes,1951-07-16,bryan71@uol.com.br,+55 (071) 2798-0595
03196824551,Vitor Alves,1963-03-12,freitassamuel@azevedo.com,21 9411-8491
35247819691,Augusto Moreira,1975-10-04,caldeiraalice@alves.com,61 9680 1867
74065132835,Dra. Ana da Rosa,1994-06-04,paulo95@aragao.br,(051) 6255-0325
01783249650,Gustavo Henrique Cavalcanti,1980-08-14,isiscaldeira@ig.com.br,+55 (061) 9233-4511
09853724600,Sophie Viana,1987-03-08,luigi02@gmail.com,+55 31 6673 2904
57964831020,Davi Luiz Pereira,1970-07-27,obarbosa@peixoto.com,(051) 5582-1477
02937584683,Dra. Agatha da Mata,1962-03-23,eduardoda-cunha@gmail.com,11 8189 7059
16980435701,Sr. Thomas Lopes,1988-01-29,tda-cunha@ig.com.br,+55 41 6880 0537
83149672546,Luiz Gustavo Freitas,1971-12-07,castroeduarda@hotmail.com,+55 (041) 7200-2839
48251690315,Guilherme Freitas,1982-07-09,nicolecostela@ig.com.br,51 1165 9930
20985164360,Cauê Costela,1998-02-23,imoraes@ig.com.br,+55 51 3530 2816
50623187930,Sr. Leonardo Ramos,1980-08-20,ncastro@bol.com.br,+55 21 2102-9161
74698012511,Yuri Araújo,1967-04-21,daniel96@da.com,0300 131 6708
05642371916,Daniela Novaes,1959-10-09,xmoreira@jesus.org,+55 61 4076-6349
39620785177,Cauê da Cunha,1975-08-01,fcosta@da.org,+55 11 6258-5421
89045372150,Pedro Miguel Duarte,1998-08-26,nascimentoluiz-miguel@hotmail.com,+55 (081) 8532-4725
05316289498,Bruno Moreira,2007-02-02,xaraujo@ig.com.br,+55 81 5769-4757
64512938737,João Vitor Nogueira,1998-11-28,pintokaique@yahoo.com.br,+55 81 1254 5080
95470213897,Dr. Murilo Nascimento,1976-05-19,hda-mata@hotmail.com,+55 (021) 7423 5914
26189053424,Davi Lucca Peixoto,2004-12-05,sophie54@caldeira.br,+55 21 7310-0817
85210973603,Matheus Freitas,1971-01-09,thiagofreitas@pinto.org,+55 81 7017-3208
65213840906,Nina Martins,1977-01-14,biancaalmeida@freitas.com,11 2781 0558
09813647566,Ian Rezende,1994-06-13,pereirabenjamin@dias.com,+55 11 6817-2031
36527190859,Melissa da Mata,1988-07-12,ryancostela@ig.com.br,31 9533 2227
39207584638,Sr. Cauê Dias,1978-02-28,santossamuel@gmail.com,(071) 6108-7082
67194853000,André Rodrigues,1957-11-04,wcastro@da.br,+55 71 8467-3574
29315640870,Ana Lívia Gonçalves,1966-08-18,helena92@da.com,41 2953 5063
73165049270,Vitória Rodrigues,1968-02-16,andrerodrigues@dias.org,+55 71 8520 1362
60453192734,Ana Clara Lopes,1999-01-26,xbarbosa@yahoo.com.br,+55 61 9121-5164
19523604716,Rebeca Nascimento,1989-09-03,ana-sophia87@da.com,(081) 0204-2620
17985063439,Murilo Farias,2000-07-11,irezende@bol.com.br,(051) 6098-7312
67810495348,Joana Araújo,1980-09-08,aviana@yahoo.com.br,+55 41 3943-1916
54308926700,Danilo Barbosa,1960-02-24,moraesbenjamin@rodrigues.br,+55 81 4974-7000
26739581428,Murilo Porto,1989-09-20,davi63@uol.com.br,(084) 6045 0063
59371068221,Carolina Rezende,1979-05-25,moraesguilherme@das.br,+55 (084) 0597-0255
12836954051,Ian Gonçalves,1985-01-20,smonteiro@uol.com.br,(021) 3454-4344
14938572079,Sra. Emilly Porto,1968-10-04,alice40@da.br,21 6297-3988
94176082585,Benício da Luz,1957-03-12,rochapietro@yahoo.com.br,41 5346-5579
29017586303,João Miguel Campos,1959-06-17,araujogustavo-henrique@cavalcanti.com,+55 61 3756 5896
35876902195,Murilo da Rosa,1954-01-15,gabrielly43@yahoo.com.br,(061) 6631 1388
50321978668,Felipe da Mota,1970-06-16,joao-guilherme46@hotmail.com,+55 51 0437 9686
80945216351,Sophia Barros,1959-10-09,spires@rezende.net,+55 (051) 4350 2385
02864571307,Sr. Levi Mendes,1999-01-10,joaocunha@dias.com,+55 84 5691 3303
03827549647,Lara Ramos,1974-03-19,jpereira@monteiro.br,+55 51 0245 3012
38469170287,Theo Costela,1952-07-14,ana19@carvalho.com,+55 (031) 2405-0764
87163529473,Pedro Henrique da Mata,1967-04-22,omoreira@teixeira.br,+55 (011) 5812-2590
95634287065,Luigi Farias,1992-01-16,ycardoso@castro.com,+55 (071) 1878 0358
60138924589,Clarice da Costa,1973-05-07,maria-vitoria52@correia.br,+55 51 2227 6433
87210945350,João Miguel da Luz,1975-01-03,julia63@hotmail.com,+55 (011) 8334 4470
48796520167,Alexia da Cunha,1950-01-23,rsantos@yahoo.com.br,+55 11 9537 7492
69314270831,Levi Sales,1981-08-17,ianmoraes@bol.com.br,+55 (021) 0616-5812
92058417305,Breno Martins,2001-08-30,brunoda-costa@bol.com.br,(051) 5963 6372
62451039752,Dr. Pedro Henrique Silva,1951-03-15,da-motajuan@ig.com.br,+55 51 3800 4983
21876054344,Sra. Maitê Correia,1997-10-04,ana-juliaviana@uol.com.br,61 7640-1918
54032918732,João Pedro da Luz,1988-02-24,esouza@hotmail.com,(051) 8566 4641
96217805359,Sra. Bianca da Luz,1954-06-21,arthurlima@barbosa.com,0800-483-1478
91834675219,Olivia Souza,1955-12-06,enzo-gabrielvieira@caldeira.br,(011) 6020-0053
28514360906,Sr. Igor da Luz,1967-09-29,gabrielaalmeida@vieira.com,84 9299 0076
86293510712,Cecília Santos,1990-10-31,kevinrocha@uol.com.br,+55 21 8518 6267
13642078508,Rafael Santos,2003-03-12,levida-costa@viana.net,(084) 2791 8750
67830592195,Bárbara Almeida,1992-07-23,luiz-felipe19@rezende.com,(051) 8159-6983
84573102671,Sra. Isis Moura,1996-09-19,nda-cunha@yahoo.com.br,0500 125 7349
82591463719,Maysa Alves,2001-05-08,gabriel99@gmail.com,(031) 4729-6694
17630452934,Rodrigo Sales,1966-09-15,alexia41@bol.com.br,+55 (071) 9841-6734
78513406244,Maria Alice Araújo,1967-05-30,anthony92@ig.com.br,31 6052-1026
27036985429,Luiz Otávio Fernandes,1973-10-05,alexandreviana@barbosa.org,71 8399-7418
56301728408,Enrico Barbosa,1995-08-11,gnunes@bol.com.br,0300-530-5641
84367921573,Ana Beatriz Santos,2001-02-26,costaemanuelly@uol.com.br,+55 (031) 6001-3651
03426517906,Luana Freitas,1994-08-19,xnunes@hotmail.com,(031) 0622 1559
96712380502,Otávio Alves,1971-12-09,luanagoncalves@araujo.org,11 4764-8455
93621057480,Sr. Luigi Cardoso,1958-09-11,natalia53@gmail.com,+55 (041) 9003-6221
17365984066,Stella Fogaça,1985-11-03,giovanna55@da.com,0800 425 2516
18532409660,Joaquim Barros,1985-05-13,paulo91@porto.br,(041) 4735 3524
78403625162,Dra. Laís da Paz,1967-01-19,brenomelo@hotmail.com,(084) 8803-3183
61857943066,Lorena Santos,1985-10-06,moraesyasmin@rocha.net,+55 (021) 4862 5152
17432956006,Valentina Silva,1952-10-05,moraesana-carolina@da.org,+55 84 6717-7629
61489352791,Marina Pinto,1967-03-10,araujomaria-sophia@gmail.com,+55 61 0898 5739
08365219433,Maria Vitória Oliveira,1994-07-08,joaquim46@yahoo.com.br,31 8499-7957
28563947010,Sarah Correia,2006-09-12,gustavo-henriquecardoso@rezende.com,+55 84 4883 9717
05426987149,Sophie da Cruz,1984-12-15,cardosojoao-guilherme@ig.com.br,+55 11 0388-5681
13764029552,Vicente da Cunha,2006-01-27,krezende@moura.com,84 6693-3515
89065372121,Cauê Novaes,1950-09-20,duartevalentina@alves.com,0500 742 5513
60854279300,Gustavo Henrique Martins,1953-07-06,kevin73@campos.br,51 7366 2713
58641920315,Srta. Marina Melo,1986-06-01,xcarvalho@ig.com.br,(021) 7315 6639
72580931414,Nicole Barbosa,1994-04-11,brendarodrigues@ramos.br,41 6053 4281
64805397292,Pietra Rezende,1971-05-13,esther46@barbosa.br,+55 71 0388 0273
04236159716,Pedro Miguel Ferreira,1995-05-23,hcorreia@bol.com.br,+55 31 9530-9690
67925408383,Luiz Fernando Teixeira,2001-04-26,ufogaca@yahoo.com.br,+55 61 3587 2717
43058976100,Yago Azevedo,1963-03-07,juliasantos@bol.com.br,+55 (084) 8738 7758
39872640122,Enzo Alves,1990-07-14,monteirojoao-pedro@aragao.com,71 2625-4204
12304689787,Alexandre Fogaça,2000-12-09,aragaocarlos-eduardo@ig.com.br,11 9419-3245
38104926551,Vitor Gabriel Freitas,1986-05-18,ribeiroheitor@ig.com.br,51 4963 2251
74219053832,Kaique Castro,1956-09-13,da-motapaulo@souza.br,+55 41 6307 0286
72019584611,Rebeca Cunha,1954-02-16,aliceviana@bol.com.br,+55 (041) 0577 9500
17392408631,Paulo Rezende,1955-06-13,portojoaquim@carvalho.br,0300 087 1672
21069543870,Luiz Felipe Correia,1988-02-11,ribeiroandre@fernandes.org,+55 51 6023 4422
52193076499,Nicolas Fogaça,2000-10-04,nicolearagao@lima.br,(071) 2690-3265
51387902695,Fernanda Araújo,1995-06-10,ryan59@correia.br,+55 (051) 2119 1589
12643859782,Lara Silva,1995-04-04,kevinrezende@uol.com.br,+55 (081) 0884 4740
83765402974,Alícia Rodrigues,1969-03-15,pintonoah@barros.net,61 9235 3484
86430715280,Marcela Oliveira,1971-01-14,jda-mata@ig.com.br,+55 (021) 2123 7205
50361847262,Manuela Nascimento,1966-04-13,pramos@bol.com.br,+55 61 9008 8991
14930587620,Daniel Sales,1963-01-28,ybarbosa@gmail.com,71 5481-8674
63079428510,Leandro Costa,1955-12-12,gcardoso@lopes.br,+55 71 5829-4203
40127653961,Alice Porto,1971-04-01,miguel94@uol.com.br,(021) 7201-0824
02154768911,Lavínia Gomes,1949-06-09,cda-conceicao@santos.com,11 4527-3536
42387091523,Pedro Henrique Castro,2001-11-12,enrico81@campos.com,(061) 5904 6100
72308946547,Cauê Farias,1984-11-27,bcarvalho@da.com,0300 615 1204
85039641710,Sra. Gabriela Nascimento,1998-09-22,manuela22@peixoto.net,(031) 6019 1530
57392814079,Dr. Bruno Rodrigues,1977-04-01,pedro-miguelcastro@ramos.br,+55 (011) 8666 5622
41739625846,Letícia Cardoso,1994-06-08,da-rochathiago@azevedo.com,31 4897-4223
54320678117,Brenda Correia,1959-08-16,vitoria64@da.br,+55 61 9206-4411
17346098501,Raul Pereira,1965-04-01,renangomes@bol.com.br,21 2188-4968
06829753465,Bryan da Cruz,2004-10-31,joao-vitor41@ig.com.br,+55 (061) 3016-0498
60371894204,Davi Lucca Caldeira,1996-12-01,portogabriela@cardoso.org,+55 (051) 0347 1317
17605834993,Raquel Barros,1998-06-23,gomesluana@uol.com.br,51 5501 1375
35280694142,Sofia Almeida,1981-06-16,tcaldeira@rezende.com,(011) 0881-9722
36498015233,Augusto Porto,1977-11-20,da-matamurilo@vieira.br,(061) 8002-4432
36210958702,Isabella Ramos,1967-01-09,yaragao@uol.com.br,11 1691 3952
15087326986,Alexandre Rocha,1950-01-06,thomasbarbosa@da.org,+55 11 1983-9248
48170529611,Ana Julia Alves,1970-11-21,da-conceicaoeduardo@cardoso.br,(071) 5864-6339
53470961875,Vitor Hugo Freitas,1983-04-18,sofia27@bol.com.br,0800 615 7385
51240368933,Enzo Moura,2001-06-04,mendesthiago@yahoo.com.br,+55 (021) 6097-2360
24835971655,Bianca Azevedo,1973-09-23,bcavalcanti@da.com,21 7156-4783
70389246565,Leonardo Gonçalves,2005-04-02,clara57@nogueira.com,(071) 4686 2728
84036527983,Milena Nascimento,1995-11-07,barbaracampos@mendes.br,(071) 6259-2386
87035926186,Nicole Dias,1961-05-12,stella53@almeida.br,+55 (041) 8927 3961
57620814353,Lavínia Caldeira,1999-06-30,tsales@yahoo.com.br,(084) 4261 9038
42831659051,Benício da Luz,1961-04-19,gcavalcanti@rezende.br,(011) 9171-6204
28509734674,João Lucas da Luz,1956-05-29,da-rochaisis@hotmail.com,+55 (061) 0269-8014
26430589765,Levi Rezende,2001-01-15,davi-luccanunes@porto.com,+55 (051) 4933 2672
49681037510,Larissa Duarte,1987-02-21,heloisaazevedo@martins.org,+55 (081) 2599 8519
39285160786,Murilo Costa,2005-04-25,samuelbarros@yahoo.com.br,0300 602 6676
52761489020,Luiza Ferreira,1991-10-14,portomirella@gmail.com,21 8640-6756
02947518667,Diego Cardoso,1974-08-20,laviniaazevedo@yahoo.com.br,+55 71 8909-3225
39810647557,Davi Lucas Moura,1993-09-22,caua19@ig.com.br,+55 21 5450-3698
89451760202,Gustavo Farias,1976-03-06,acostela@monteiro.net,+55 71 2441 2907
56984710294,Felipe Sales,1976-09-06,rochaana@moura.org,+55 (031) 1062-9419
37540618957,Ana Julia Dias,1956-02-27,lucas-gabriel62@uol.com.br,+55 84 7528-6461
20683175912,Sarah Teixeira,1967-08-21,marcelocaldeira@hotmail.com,+55 (041) 1153-5505
14359086784,Ana Beatriz Silveira,2007-04-18,orezende@hotmail.com,+55 71 7925-4221
89352604792,Srta. Fernanda Viana,1982-03-27,pintocatarina@ig.com.br,41 9333 2998
65124073934,Dra. Natália Gonçalves,1978-11-05,silveiraraul@ig.com.br,21 5883-8256
72691085368,Rafael da Cunha,1974-01-08,stellalopes@ig.com.br,31 1962 8222
50147238960,Camila Vieira,1977-05-05,joao-guilherme01@da.com,(011) 9929 0096
62701349516,Sr. Nathan Moreira,1978-08-23,danielrocha@barbosa.com,+55 31 9101-9335
38216790422,Clarice Nascimento,2007-05-08,peixotoaugusto@rezende.com,(061) 6461 6076
26415790307,Giovanna Dias,1980-11-13,marcelopereira@pires.com,+55 21 1336-1094
41628509767,Gustavo Henrique Correia,2000-04-27,dda-luz@nogueira.br,(081) 6063-4942
90438621506,Maria Clara Pires,1950-09-15,lda-mota@da.com,+55 (041) 4837-4441
72386950140,Eloah Porto,1988-03-02,theogoncalves@das.br,+55 84 6890 4723
86405972194,Luiz Fernando Mendes,1991-12-12,lfogaca@gmail.com,61 4359 9009
37125908659,Maysa Oliveira,1999-07-08,leonardo78@freitas.net,(051) 0661-8756
46715389039,Dr. Ryan Carvalho,1984-09-16,caldeiraheitor@uol.com.br,(071) 2910-8450
78602154380,Joaquim Azevedo,1964-11-13,bfogaca@da.br,(031) 3067-1822
26873490547,Lavínia Silva,1993-05-23,leandro85@ig.com.br,0300-067-3963
42730895132,Beatriz Cunha,2005-09-25,qcaldeira@cardoso.br,(031) 0663-2016
20714569801,Maria Fernanda Teixeira,1960-03-25,da-costaana-beatriz@ig.com.br,(061) 3371 7086
49238710597,Dra. Maria Sophia Teixeira,1996-02-09,duartepietro@aragao.com,(011) 5996 7069
21564380726,Otávio Souza,1960-05-30,helenasilva@ig.com.br,+55 84 3021-7816
78035624938,Ana Sophia Mendes,1993-04-07,nascimentomaite@da.com,(071) 0370 1709
26403817922,Maysa Campos,1980-04-09,hda-costa@peixoto.org,(031) 8500 7288
95286370438,Maria Cecília Almeida,1978-02-22,kcorreia@nunes.br,+55 81 0808 2039
17059362452,Gabriel da Rosa,1971-07-20,lunafernandes@yahoo.com.br,41 7012-0424
25374086910,Isabelly Farias,1949-12-20,isabel76@farias.br,(041) 0243-6524
05817324997,Dra. Laura Moura,2002-05-13,fariasalana@ig.com.br,+55 81 8821-5977
38527940647,Enzo Pereira,1951-12-23,mrezende@bol.com.br,51 6491 2594
97215084620,Davi Luiz Oliveira,1987-09-20,nogueiraamanda@cardoso.br,0300 962 3569
92318476519,Sra. Lavínia da Mata,1974-09-08,jesusfelipe@hotmail.com,+55 61 8208-4931
53864019710,Antônio Almeida,1953-11-19,caio76@hotmail.com,0800-143-0491
34107895610,Maria Cecília Ribeiro,1958-05-15,qmartins@jesus.com,+55 84 4059 2082
35904781601,Emanuella Nunes,1957-11-15,alana82@cardoso.br,+55 51 0796 6186
95718206368,Luigi Fernandes,1957-07-24,levi13@lopes.br,+55 41 0077 7321
75013964261,Sra. Mariane Cardoso,1989-07-25,nda-mota@barbosa.net,(031) 2444 7489
04739685256,Sr. Alexandre Ribeiro,1977-07-02,cardosovalentina@uol.com.br,+55 (051) 8517 3289
51423860942,Vitória Moraes,1983-12-28,ryan81@martins.org,+55 81 9653-9160
79082614340,Dr. Cauã Viana,1968-02-29,kamillyviana@da.com,+55 (084) 9662-0385
89652037400,João Vitor Martins,1960-01-28,nascimentomiguel@ig.com.br,(021) 9333-5623
03726941525,Luiz Fernando Rocha,1952-04-03,costajulia@viana.org,+55 21 1132-6611
58472601307,Eduarda da Mata,1994-02-23,nunesbernardo@ramos.com,+55 (011) 0539-7077
45923016761,Leonardo Campos,1969-01-16,mendesnatalia@hotmail.com,0500 467 6626
23574801653,Daniel Nogueira,1954-05-17,costelavinicius@uol.com.br,84 7036-8605
06397514820,Sr. Cauê Souza,1992-12-25,afogaca@alves.com,0900 120 3025
20491537670,Dra. Isabelly Dias,1956-12-27,dbarbosa@barbosa.com,(061) 5745-4492
05487623171,Sr. Luiz Gustavo Carvalho,1957-10-27,vieirajuliana@monteiro.br,51 3445 6622
95203486115,Sra. Isis Alves,1965-05-02,peixotoguilherme@yahoo.com.br,71 6070-4726
60217853986,Breno Moura,1962-11-27,pireslorenzo@pereira.com,(051) 6058 7905
29480176378,Leonardo Ferreira,1953-03-19,nicole53@gmail.com,(051) 7905 7191
89635274092,Helena Nogueira,1957-09-25,pedrosales@ramos.br,81 0570-2377
18490567220,Isabelly Pinto,1982-08-17,joao-miguelda-conceicao@da.com,+55 (084) 9644-0282
53268947000,Davi Luiz Pires,1981-07-29,leviteixeira@da.com,+55 84 3209 1401
63891425015,Heitor Sales,1994-04-06,laraalves@melo.br,+55 21 5452 6075
61348097566,Felipe da Rosa,1995-03-10,sophiepinto@costela.br,(061) 3316-8066
47063812580,Erick Nascimento,2003-08-20,laura52@cunha.org,+55 21 0740 2740
67541398039,Sr. Leandro da Cruz,1950-04-19,marianenunes@silva.br,+55 71 6149-7459
73149682509,Vitória Cardoso,1966-11-23,lopespedro-lucas@gmail.com,(011) 9326 6432
23480156924,Ana Lívia Melo,1991-04-10,lorenzo40@gmail.com,+55 11 2762 2398
47915628364,Dra. Pietra Rodrigues,1953-09-24,juanporto@caldeira.br,71 4168-0613
45623971016,Giovanna Silva,1978-07-06,isabel63@ig.com.br,71 3097-2361
08941375223,Alexandre Castro,1977-11-07,pedro-miguel78@uol.com.br,+55 84 5786-5557
51273960416,João Pedro Souza,1979-09-27,isouza@yahoo.com.br,+55 (081) 5166 5451
29468507149,Alexandre da Conceição,2003-11-30,emanuellyoliveira@aragao.net,(051) 7017 0363
04816739203,Ryan Melo,1999-02-16,beniciofreitas@da.com,0800 619 7979
72481960378,Dr. Paulo Fogaça,1985-03-13,pedro-miguel07@moraes.br,(031) 8095 7394
05918374639,Danilo Barbosa,2003-11-24,moraesemanuelly@melo.com,(061) 3420-3197
79483526191,Rafael Lima,1953-11-24,maria-luiza82@hotmail.com,+55 (011) 8829 5868
41687593000,Dra. Isabelly Vieira,1974-12-31,anapeixoto@uol.com.br,(021) 8317 3066
23190457832,Yago da Conceição,1975-04-27,heloisa46@bol.com.br,81 9062-3272
37194506270,Lucas Caldeira,1951-10-21,marcelo87@gmail.com,81 4779-5417
67521409361,Sofia da Rocha,1980-11-07,isis15@caldeira.org,31 8962 6838
48731906222,Luana Nunes,1954-10-03,julianunes@da.com,(071) 1881 2988
61290358702,Dra. Alícia Costa,1952-07-25,leonardorocha@hotmail.com,0900 826 8933
48652930783,Sra. Amanda Peixoto,1982-10-05,nsilva@uol.com.br,41 3355-7077
31265804753,Sr. Rodrigo Lopes,1979-04-20,fernando18@das.org,+55 84 4045-8831
14923085606,Vitória Martins,2007-04-05,alanateixeira@correia.br,61 8910 9779
78061523426,Dr. Luiz Gustavo Gonçalves,1967-04-14,bgoncalves@hotmail.com,(011) 6401-6329
57368410966,Luna Moreira,1980-03-09,maria-alicepires@cavalcanti.net,+55 (051) 2915 8542
39270865177,Sarah Fernandes,1985-12-09,bnogueira@da.org,(021) 6746 2159
58490327629,Ana Clara Pires,1949-07-24,da-cruzisaac@gmail.com,31 1698-1413
49735026856,Sra. Lavínia Gomes,1951-02-13,esthernunes@duarte.net,+55 (041) 2650 9962
18376540939,Júlia Pinto,1954-08-31,pedro-lucasnovaes@freitas.com,+55 81 2349 9801
37641985084,Lucas Porto,1991-02-28,heitor44@costa.org,(021) 0923 3517
46532180726,Joana Farias,1982-09-05,eda-rosa@nascimento.br,11 9227 7641
40819273678,Sr. Thomas da Rocha,2005-12-17,maria-julia48@uol.com.br,(081) 2288-3904
73802541626,Dr. Gustavo da Paz,1959-06-27,correialuiz-henrique@ig.com.br,0900 788 7953
12087469520,Luna Pinto,1978-04-11,calebesouza@santos.com,+55 (081) 1873 1439
15902734860,Pedro Lucas Cavalcanti,2003-10-24,evieira@castro.com,0800-685-6425
70654813957,Thiago Cardoso,1974-09-11,marianeda-paz@gmail.com,71 0023 0286
59082143704,Gustavo da Costa,1951-03-21,crocha@gmail.com,(051) 1459 9201
69315480260,Guilherme Azevedo,1951-07-04,joanacostela@hotmail.com,+55 (051) 0562-0190
19324680560,Enzo da Luz,1974-02-07,ycorreia@da.org,(071) 6452 3428
64873509157,Maitê Pinto,1978-07-31,joao-felipe09@farias.br,(051) 7349-8529
73580216490,Dr. Miguel Campos,1967-07-26,xda-cruz@hotmail.com,31 0966-4147
53874216900,Vitor Hugo Novaes,1978-11-30,renanda-rocha@bol.com.br,0800 629 8532
43689120551,Ana Júlia da Cruz,1992-12-22,vda-paz@ig.com.br,81 3543-4685
86354079110,Dra. Bianca Gonçalves,1987-11-04,lauraviana@ig.com.br,+55 11 6153 8116
83706154900,Ana Nascimento,1953-05-15,sophiealmeida@gmail.com,+55 84 8967-8082
64301925805,Stella Jesus,2002-08-23,uda-mata@ig.com.br,+55 84 2926-4563
31785420941,Maria Julia Ferreira,1983-10-08,da-mataluna@nogueira.org,0300 719 6706
83921407613,Ana Lívia da Cunha,1973-03-03,nunessophie@fogaca.net,+55 21 3443-7673
48120965370,Leandro Sales,1990-03-23,cardosoluiz-fernando@cavalcanti.com,(011) 9910 0420
28673059429,Srta. Mariane Barbosa,1966-02-17,felipeda-paz@yahoo.com.br,21 5484-2035
31605978493,Marcelo Nascimento,1953-05-11,valentina71@sales.net,+55 84 1940 2470
28190576321,Fernanda Lopes,1958-08-31,da-rosaana-julia@uol.com.br,31 5764-6391
38105924633,Isis Costa,2002-08-10,luiz-felipeda-costa@gmail.com,(084) 4013 1535
06851397277,Dr. Davi Luiz Martins,1961-04-21,davi-lucas02@ig.com.br,21 4717 9899
48536927038,Antônio Moura,1956-07-27,wporto@ig.com.br,71 3558 4227
17236984582,Francisco Nascimento,1949-11-26,barbosadavi-luiz@yahoo.com.br,+55 84 1306-8624
08769542120,Maria Cecília Caldeira,1995-02-10,rodriguesgabriel@bol.com.br,+55 (011) 0762-3811
52816490785,Brenda Gomes,1950-04-04,jmartins@bol.com.br,+55 (071) 5999-4004
10437896501,Srta. Elisa Monteiro,1994-10-01,joao-pedro57@da.com,+55 (011) 6415 7809
78301469269,Calebe Gomes,1997-10-31,otaviocardoso@bol.com.br,(071) 2814 4786
74280159360,João Pedro das Neves,2000-10-21,raraujo@hotmail.com,(061) 8912-1397
43697021869,Dr. Yuri Moura,1989-09-02,vianasabrina@yahoo.com.br,+55 (061) 9069-6904
52603741853,Laís Duarte,1965-04-02,vinicius70@gmail.com,71 5276 1368
14092675801,Lucca Nunes,1991-04-11,rgoncalves@ramos.br,+55 (061) 5084-2324
23470596107,Srta. Gabriela Correia,1998-05-14,luiz-felipe69@gmail.com,(061) 8557 4906
27601953416,Erick da Rosa,1964-06-10,maria-eduarda94@da.net,+55 21 5828 6304
02631495799,Luigi Gonçalves,1960-01-16,benjaminjesus@oliveira.com,+55 71 5392 6693
70619283440,Nicolas da Cruz,1983-05-24,emilly50@da.com,0800 019 3335
93748065256,Alexia da Mata,1997-08-03,ycastro@hotmail.com,+55 (061) 5647-1855
94053817250,Yago Monteiro,1998-10-30,pietradias@nogueira.br,(061) 8145-6474
37065821471,Mariana Cavalcanti,1954-10-28,apereira@ig.com.br,(011) 5052-7612
02165834970,Mirella Cardoso,2003-08-10,franciscofarias@correia.br,81 7067-6353
29357086447,Daniel Nascimento,2005-01-27,amanda37@gmail.com,+55 21 4294 3000
37561480253,Danilo Ferreira,1979-02-14,nnascimento@hotmail.com,+55 81 7841 7837
65127480930,Yago Freitas,1994-10-08,kmoraes@novaes.org,+55 (061) 6735-1272
45816329782,Dr. Paulo Ribeiro,1977-04-23,ssilva@bol.com.br,(011) 2249-4510
46270318904,Dr. Luiz Otávio Melo,1956-11-01,peixotosofia@porto.br,+55 (051) 9350-9793
49201865767,Isadora Almeida,1962-01-08,nathansales@vieira.com,(011) 5797 2518
40781596300,Maria Eduarda da Conceição,2002-01-16,ana-luizada-costa@fogaca.com,61 7670 6363
28610543951,Benjamin Silveira,1969-03-30,yagofernandes@bol.com.br,+55 (084) 3367-9608
28635017471,Dr. Otávio Gomes,1978-12-14,mouraana-beatriz@barros.com,+55 (071) 2495-1935
09182536759,Sr. Marcelo Barros,1964-02-10,luiz-gustavo10@caldeira.org,+55 41 1566-8513
53124789628,Dr. Luiz Fernando Barros,1962-10-09,cavalcantialexia@nascimento.org,(041) 1778-4019
02765938474,Pietra Cavalcanti,1979-01-10,moreiraelisa@pereira.br,+55 61 1997 6759
83917054639,Isaac Teixeira,1963-06-22,luiz-gustavomoraes@ig.com.br,71 1956-5728
53916478001,Juliana da Conceição,1955-10-10,jmelo@gmail.com,+55 (084) 5846 6879
30981426778,Camila Rocha,2000-08-31,qdas-neves@yahoo.com.br,+55 (084) 5025 2854
61304789500,Thiago Alves,1992-11-02,giovannada-cunha@uol.com.br,(071) 7711-8425
27610453862,Danilo Cardoso,1952-08-18,gustavo-henrique34@rodrigues.net,+55 (071) 5777 1961
97132468537,Stella Ramos,1977-01-14,nascimentoemanuella@hotmail.com,+55 (071) 4400-9522
42657813062,Srta. Ana Carvalho,1988-10-16,luigi90@aragao.br,(011) 7360 1579
19507643893,Srta. Kamilly Alves,1951-06-14,alanamonteiro@ferreira.br,84 3354-8835
71209438631,João Pedro Farias,1997-09-26,rgomes@hotmail.com,+55 (021) 0317-2665
28973461087,Sra. Natália Costela,1969-02-06,azevedomaria-sophia@aragao.com,+55 31 4605 1908
54361709866,Srta. Melissa da Paz,1965-04-25,yda-rosa@bol.com.br,+55 (081) 0100-0908
93148602560,Luiz Otávio Barbosa,1961-03-02,maria41@viana.com,0900-093-0437
69173582077,Valentina Cardoso,1958-11-28,esilveira@jesus.br,+55 61 7053-1105
83904756184,Lívia Gonçalves,1958-11-08,limaguilherme@dias.br,81 5016 7671
87931456084,Maria Cecília Souza,1994-08-07,carvalhonatalia@ig.com.br,61 2762 9226
69745802310,Melissa Novaes,1955-03-10,joaquim28@ig.com.br,0500-890-7499
